,Product,date,Sales,Discount,In-Store Promo,Catalogue Promo,Store End Promo,Google_Mobility,Covid_Flag,V_DAY,EASTER,CHRISTMAS,DayOfWeek,Quarter,WeekNum
0,SKU1,2017-02-05,27750,0.0,0,0,0,0.0,0,0,0,0,Sunday,1,5
1,SKU1,2017-02-12,29023,0.0,1,0,1,0.0,0,1,0,0,Sunday,1,6
2,SKU1,2017-02-19,45630,0.17,0,0,0,0.0,0,0,0,0,Sunday,1,7
3,SKU1,2017-02-26,26789,0.0,1,0,1,0.0,0,0,0,0,Sunday,1,8
4,SKU1,2017-03-05,41999,0.17,0,0,0,0.0,0,0,0,0,Sunday,1,9
5,SKU1,2017-03-12,29731,0.0,0,0,0,0.0,0,0,0,0,Sunday,1,10
6,SKU1,2017-03-19,27365,0.0,1,0,0,0.0,0,0,0,0,Sunday,1,11
7,SKU1,2017-03-26,27722,0.0,1,0,1,0.0,0,0,0,0,Sunday,1,12
8,SKU1,2017-04-02,44339,0.17,1,0,0,0.0,0,0,0,0,Sunday,2,13
9,SKU1,2017-04-09,54655,0.17,1,0,0,0.0,0,0,1,0,Sunday,2,14
10,SKU1,2017-04-16,108159,0.44,0,0,0,0.0,0,0,0,0,Sunday,2,15
11,SKU1,2017-04-23,30361,0.0,1,0,1,0.0,0,0,0,0,Sunday,2,16
12,SKU1,2017-04-30,42154,0.17,1,0,1,0.0,0,0,0,0,Sunday,2,17
13,SKU1,2017-05-07,39782,0.17,0,0,0,0.0,0,0,0,0,Sunday,2,18
14,SKU1,2017-05-14,29490,0.0,0,0,0,0.0,0,0,0,0,Sunday,2,19
15,SKU1,2017-05-21,25936,0.0,0,0,0,0.0,0,0,0,0,Sunday,2,20
16,SKU1,2017-05-28,26045,0.0,0,0,0,0.0,0,0,0,0,Sunday,2,21
17,SKU1,2017-06-04,25903,0.0,1,0,1,0.0,0,0,0,0,Sunday,2,22
18,SKU1,2017-06-11,43689,0.17,0,0,0,0.0,0,0,0,0,Sunday,2,23
19,SKU1,2017-06-18,25446,0.0,1,0,1,0.0,0,0,0,0,Sunday,2,24
20,SKU1,2017-06-25,42543,0.17,0,0,0,0.0,0,0,0,0,Sunday,2,25
21,SKU1,2017-07-02,27001,0.0,1,0,1,0.0,0,0,0,0,Sunday,3,26
22,SKU1,2017-07-09,45198,0.17,0,0,0,0.0,0,0,0,0,Sunday,3,27
23,SKU1,2017-07-16,28650,0.0,1,0,1,0.0,0,0,0,0,Sunday,3,28
24,SKU1,2017-07-23,42032,0.17,0,0,0,0.0,0,0,0,0,Sunday,3,29
25,SKU1,2017-07-30,27657,0.0,0,0,0,0.0,0,0,0,0,Sunday,3,30
26,SKU1,2017-08-06,26888,0.0,1,0,1,0.0,0,0,0,0,Sunday,3,31
27,SKU1,2017-08-13,46260,0.17,0,0,0,0.0,0,0,0,0,Sunday,3,32
28,SKU1,2017-08-20,29415,0.0,1,0,1,0.0,0,0,0,0,Sunday,3,33
29,SKU1,2017-08-27,50471,0.17,1,0,1,0.0,0,0,0,0,Sunday,3,34
30,SKU1,2017-09-03,49531,0.17,0,0,0,0.0,0,0,0,0,Sunday,3,35
31,SKU1,2017-09-10,30874,0.0,0,1,1,0.0,0,0,0,0,Sunday,3,36
32,SKU1,2017-09-17,82940,0.44,0,0,0,0.0,0,0,0,0,Sunday,3,37
33,SKU1,2017-09-24,34481,0.0,1,0,1,0.0,0,0,0,0,Sunday,3,38
34,SKU1,2017-10-01,96610,0.44,0,0,0,0.0,0,0,0,0,Sunday,4,39
35,SKU1,2017-10-08,31898,0.0,0,0,0,0.0,0,0,0,0,Sunday,4,40
36,SKU1,2017-10-15,33967,0.0,0,0,0,0.0,0,0,0,0,Sunday,4,41
37,SKU1,2017-10-22,33429,0.0,0,0,0,0.0,0,0,0,0,Sunday,4,42
38,SKU1,2017-10-29,34918,0.0,1,0,0,0.0,0,0,0,0,Sunday,4,43
39,SKU1,2017-11-05,104775,0.44,1,0,0,0.0,0,0,0,0,Sunday,4,44
40,SKU1,2017-11-12,57417,0.17,1,0,0,0.0,0,0,0,0,Sunday,4,45
41,SKU1,2017-11-19,60631,0.17,1,0,0,0.0,0,0,0,0,Sunday,4,46
42,SKU1,2017-11-26,64904,0.17,1,0,0,0.0,0,0,0,0,Sunday,4,47
43,SKU1,2017-12-03,66333,0.17,1,0,0,0.0,0,0,0,1,Sunday,4,48
44,SKU1,2017-12-10,71917,0.17,1,0,0,0.0,0,0,0,0,Sunday,4,49
45,SKU1,2017-12-17,94633,0.17,1,0,0,0.0,0,0,0,0,Sunday,4,50
46,SKU1,2017-12-24,155253,0.17,1,0,0,0.0,0,0,0,0,Sunday,4,51
47,SKU1,2017-12-31,89706,0.17,0,0,0,0.0,0,0,0,0,Sunday,4,52
48,SKU1,2018-01-07,41941,0.0,0,0,0,0.0,0,0,0,0,Sunday,1,1
49,SKU1,2018-01-14,37845,0.0,0,0,0,0.0,0,0,0,0,Sunday,1,2
50,SKU1,2018-01-21,43324,0.06,1,0,1,0.0,0,0,0,0,Sunday,1,3
51,SKU1,2018-01-28,65691,0.17,0,0,0,0.0,0,0,0,0,Sunday,1,4
52,SKU1,2018-02-04,35016,0.0,0,0,0,0.0,0,0,0,0,Sunday,1,5
53,SKU1,2018-02-11,33604,0.0,1,0,1,0.0,0,1,0,0,Sunday,1,6
54,SKU1,2018-02-18,55216,0.17,0,0,0,0.0,0,0,0,0,Sunday,1,7
55,SKU1,2018-02-25,33908,0.0,1,0,1,0.0,0,0,0,0,Sunday,1,8
56,SKU1,2018-03-04,51305,0.17,0,1,0,0.0,0,0,0,0,Sunday,1,9
57,SKU1,2018-03-11,91870,0.44,1,0,0,0.0,0,0,0,0,Sunday,1,10
58,SKU1,2018-03-18,51438,0.17,1,0,0,0.0,0,0,0,0,Sunday,1,11
59,SKU1,2018-03-25,54925,0.17,1,0,0,0.0,0,0,0,0,Sunday,1,12
60,SKU1,2018-04-01,79050,0.17,0,0,0,0.0,0,0,0,0,Sunday,2,13
61,SKU1,2018-04-08,35136,0.0,0,0,0,0.0,0,0,1,0,Sunday,2,14
62,SKU1,2018-04-15,34800,0.0,1,0,1,0.0,0,0,0,0,Sunday,2,15
63,SKU1,2018-04-22,56351,0.17,0,0,0,0.0,0,0,0,0,Sunday,2,16
64,SKU1,2018-04-29,34225,0.0,1,0,1,0.0,0,0,0,0,Sunday,2,17
65,SKU1,2018-05-06,49036,0.17,1,0,1,0.0,0,0,0,0,Sunday,2,18
66,SKU1,2018-05-13,52964,0.17,0,0,0,0.0,0,0,0,0,Sunday,2,19
67,SKU1,2018-05-20,34526,0.0,0,0,0,0.0,0,0,0,0,Sunday,2,20
68,SKU1,2018-05-27,33308,0.0,1,0,1,0.0,0,0,0,0,Sunday,2,21
69,SKU1,2018-06-03,49314,0.17,0,1,1,0.0,0,0,0,0,Sunday,2,22
70,SKU1,2018-06-10,84075,0.44,0,0,0,0.0,0,0,0,0,Sunday,2,23
71,SKU1,2018-06-17,32223,0.0,0,0,0,0.0,0,0,0,0,Sunday,2,24
72,SKU1,2018-06-24,32463,0.0,1,0,1,0.0,0,0,0,0,Sunday,2,25
73,SKU1,2018-07-01,51818,0.17,0,0,0,0.0,0,0,0,0,Sunday,3,26
74,SKU1,2018-07-08,35597,0.0,0,0,0,0.0,0,0,0,0,Sunday,3,27
75,SKU1,2018-07-15,35354,0.0,0,0,0,0.0,0,0,0,0,Sunday,3,28
76,SKU1,2018-07-22,35191,0.0,0,0,0,0.0,0,0,0,0,Sunday,3,29
77,SKU1,2018-07-29,33057,0.0,0,0,0,0.0,0,0,0,0,Sunday,3,30
78,SKU1,2018-08-05,32373,0.0,0,0,0,0.0,0,0,0,0,Sunday,3,31
79,SKU1,2018-08-12,31850,0.0,0,0,0,0.0,0,0,0,0,Sunday,3,32
80,SKU1,2018-08-19,31772,0.0,0,0,0,0.0,0,0,0,0,Sunday,3,33
81,SKU1,2018-08-26,29976,0.0,1,0,0,0.0,0,0,0,0,Sunday,3,34
82,SKU1,2018-09-02,52126,0.17,1,0,0,0.0,0,0,0,0,Sunday,3,35
83,SKU1,2018-09-09,48279,0.17,0,1,0,0.0,0,0,0,0,Sunday,3,36
84,SKU1,2018-09-16,86576,0.44,1,0,0,0.0,0,0,0,0,Sunday,3,37
85,SKU1,2018-09-23,49548,0.17,1,0,0,0.0,0,0,0,0,Sunday,3,38
86,SKU1,2018-09-30,67966,0.17,0,0,0,0.0,0,0,0,0,Sunday,3,39
87,SKU1,2018-10-07,33433,0.0,0,0,0,0.0,0,0,0,0,Sunday,4,40
88,SKU1,2018-10-14,31482,0.0,0,0,0,0.0,0,0,0,0,Sunday,4,41
89,SKU1,2018-10-21,32196,0.0,0,0,0,0.0,0,0,0,0,Sunday,4,42
90,SKU1,2018-10-28,32717,0.0,0,1,1,0.0,0,0,0,0,Sunday,4,43
91,SKU1,2018-11-04,97972,0.44,1,0,1,0.0,0,0,0,0,Sunday,4,44
92,SKU1,2018-11-11,51495,0.17,1,0,1,0.0,0,0,0,0,Sunday,4,45
93,SKU1,2018-11-18,52048,0.17,0,1,1,0.0,0,0,0,0,Sunday,4,46
94,SKU1,2018-11-25,52532,0.17,1,0,1,0.0,0,0,0,0,Sunday,4,47
95,SKU1,2018-12-02,59037,0.17,0,1,1,0.0,0,0,0,1,Sunday,4,48
96,SKU1,2018-12-09,109917,0.44,0,1,1,0.0,0,0,0,0,Sunday,4,49
97,SKU1,2018-12-16,80431,0.28,0,1,1,0.0,0,0,0,0,Sunday,4,50
98,SKU1,2018-12-23,174994,0.28,1,0,1,0.0,0,0,0,0,Sunday,4,51
99,SKU1,2018-12-30,96211,0.28,0,0,0,0.0,0,0,0,0,Sunday,4,52
100,SKU1,2019-01-06,40420,0.0,0,0,0,0.0,0,0,0,0,Sunday,1,1
101,SKU1,2019-01-13,34603,0.0,1,0,1,0.0,0,0,0,0,Sunday,1,2
102,SKU1,2019-01-20,48759,0.17,1,0,1,0.0,0,0,0,0,Sunday,1,3
103,SKU1,2019-01-27,58215,0.17,0,0,0,0.0,0,0,0,0,Sunday,1,4
104,SKU1,2019-02-03,30561,0.0,0,0,0,0.0,0,0,0,0,Sunday,1,5
105,SKU1,2019-02-10,29867,0.0,1,0,1,0.0,0,1,0,0,Sunday,1,6
106,SKU1,2019-02-17,48001,0.17,0,0,0,0.0,0,0,0,0,Sunday,1,7
107,SKU1,2019-02-24,30016,0.0,0,0,0,0.0,0,0,0,0,Sunday,1,8
108,SKU1,2019-03-03,30502,0.0,0,0,0,0.0,0,0,0,0,Sunday,1,9
109,SKU1,2019-03-10,32103,0.0,0,0,0,0.0,0,0,0,0,Sunday,1,10
110,SKU1,2019-03-17,29664,0.0,0,0,0,0.0,0,0,0,0,Sunday,1,11
111,SKU1,2019-03-24,28997,0.0,1,0,0,0.0,0,0,0,0,Sunday,1,12
112,SKU1,2019-03-31,52930,0.17,1,0,0,0.0,0,0,0,0,Sunday,1,13
113,SKU1,2019-04-07,55859,0.17,1,0,0,0.0,0,0,1,0,Sunday,2,14
114,SKU1,2019-04-14,59375,0.17,0,1,0,0.0,0,0,0,0,Sunday,2,15
115,SKU1,2019-04-21,119393,0.44,0,0,0,0.0,0,0,0,0,Sunday,2,16
116,SKU1,2019-04-28,31741,0.0,1,0,1,0.0,0,0,0,0,Sunday,2,17
117,SKU1,2019-05-05,43820,0.17,1,0,1,0.0,0,0,0,0,Sunday,2,18
118,SKU1,2019-05-12,46628,0.17,0,0,0,0.0,0,0,0,0,Sunday,2,19
119,SKU1,2019-05-19,28457,0.0,1,0,1,0.0,0,0,0,0,Sunday,2,20
120,SKU1,2019-05-26,40402,0.17,0,0,0,0.0,0,0,0,0,Sunday,2,21
121,SKU1,2019-06-02,28521,0.0,0,1,0,0.0,0,0,0,0,Sunday,2,22
122,SKU1,2019-06-09,85108,0.44,1,0,1,0.0,0,0,0,0,Sunday,2,23
123,SKU1,2019-06-16,44596,0.17,0,0,0,0.0,0,0,0,0,Sunday,2,24
124,SKU1,2019-06-23,30099,0.0,1,0,1,0.0,0,0,0,0,Sunday,2,25
125,SKU1,2019-06-30,46193,0.17,0,0,0,0.0,0,0,0,0,Sunday,2,26
126,SKU1,2019-07-07,31093,0.0,0,0,0,0.0,0,0,0,0,Sunday,3,27
127,SKU1,2019-07-14,31099,0.0,0,0,0,0.0,0,0,0,0,Sunday,3,28
128,SKU1,2019-07-21,31866,0.0,0,0,0,0.0,0,0,0,0,Sunday,3,29
129,SKU1,2019-07-28,31386,0.0,0,0,0,0.0,0,0,0,0,Sunday,3,30
130,SKU1,2019-08-04,29985,0.0,0,0,0,0.0,0,0,0,0,Sunday,3,31
131,SKU1,2019-08-11,31628,0.0,0,0,0,0.0,0,0,0,0,Sunday,3,32
132,SKU1,2019-08-18,33665,0.0,0,0,0,0.0,0,0,0,0,Sunday,3,33
133,SKU1,2019-08-25,34550,0.0,0,0,0,0.0,0,0,0,0,Sunday,3,34
134,SKU1,2019-09-01,36320,0.0,1,0,0,0.0,0,0,0,0,Sunday,3,35
135,SKU1,2019-09-08,55431,0.17,1,0,0,0.0,0,0,0,0,Sunday,3,36
136,SKU1,2019-09-15,57446,0.17,0,1,0,0.0,0,0,0,0,Sunday,3,37
137,SKU1,2019-09-22,58872,0.17,1,0,0,0.0,0,0,0,0,Sunday,3,38
138,SKU1,2019-09-29,69480,0.17,0,1,0,0.0,0,0,0,0,Sunday,3,39
139,SKU1,2019-10-06,106885,0.44,0,0,0,0.0,0,0,0,0,Sunday,4,40
140,SKU1,2019-10-13,36072,0.0,0,0,0,0.0,0,0,0,0,Sunday,4,41
141,SKU1,2019-10-20,37454,0.0,0,0,0,0.0,0,0,0,0,Sunday,4,42
142,SKU1,2019-10-27,37663,0.0,1,0,1,0.0,0,0,0,0,Sunday,4,43
143,SKU1,2019-11-03,60365,0.17,1,0,0,0.0,0,0,0,0,Sunday,4,44
144,SKU1,2019-11-10,67770,0.17,1,0,0,0.0,0,0,0,0,Sunday,4,45
145,SKU1,2019-11-17,70327,0.17,1,0,0,0.0,0,0,0,0,Sunday,4,46
146,SKU1,2019-11-24,72587,0.17,1,0,0,0.0,0,0,0,0,Sunday,4,47
147,SKU1,2019-12-01,73956,0.17,0,1,0,0.0,0,0,0,1,Sunday,4,48
148,SKU1,2019-12-08,82558,0.17,1,0,0,0.0,0,0,0,0,Sunday,4,49
149,SKU1,2019-12-15,85762,0.17,0,1,0,0.0,0,0,0,0,Sunday,4,50
150,SKU1,2019-12-22,258874,0.44,0,1,1,0.0,0,0,0,0,Sunday,4,51
151,SKU1,2019-12-29,124261,0.44,0,1,1,0.0,0,0,0,0,Sunday,4,52
152,SKU1,2020-01-05,41141,0.13,1,0,0,0.0,0,0,0,0,Sunday,1,1
153,SKU1,2020-01-12,34303,0.04,1,0,0,0.0,0,0,0,0,Sunday,1,2
154,SKU1,2020-01-19,47058,0.17,1,0,0,0.0,0,0,0,0,Sunday,1,3
155,SKU1,2020-01-26,58185,0.17,0,0,0,0.0,0,0,0,0,Sunday,1,4
156,SKU1,2020-02-02,30020,0.01,0,0,0,0.0,0,0,0,0,Sunday,1,5
157,SKU1,2020-02-09,29239,0.01,1,0,1,2.36,1,0,0,0,Sunday,1,6
158,SKU1,2020-02-16,45572,0.17,0,0,0,3.3,1,1,0,0,Sunday,1,7
159,SKU1,2020-02-23,29275,0.01,0,0,0,3.9,1,0,0,0,Sunday,1,8
160,SKU1,2020-03-01,35684,0.01,0,0,0,3.81,1,0,0,0,Sunday,1,9
161,SKU1,2020-03-08,36955,0.01,0,0,0,3.01,1,0,0,0,Sunday,1,10
162,SKU1,2020-03-15,56886,0.01,0,0,0,0.26,1,0,0,0,Sunday,1,11
163,SKU1,2020-03-22,77842,0.0,0,0,0,-15.7,1,0,0,0,Sunday,1,12
164,SKU1,2020-03-29,43707,0.01,0,0,0,-26.63,1,0,0,0,Sunday,1,13
165,SKU1,2020-04-05,39473,0.01,0,1,0,-28.49,1,0,0,0,Sunday,2,14
166,SKU1,2020-04-12,64685,0.17,0,0,0,-27.3,1,0,1,0,Sunday,2,15
167,SKU1,2020-04-19,39290,0.02,1,0,1,-24.28,1,0,0,0,Sunday,2,16
168,SKU1,2020-04-26,46829,0.17,0,0,0,-22.58,1,0,0,0,Sunday,2,17
169,SKU1,2020-05-03,29536,0.01,0,0,0,-18.18,1,0,0,0,Sunday,2,18
170,SKU1,2020-05-10,31836,0.01,0,0,0,-15.91,1,0,0,0,Sunday,2,19
171,SKU1,2020-05-17,31406,0.01,0,0,0,-15.27,1,0,0,0,Sunday,2,20
172,SKU1,2020-05-24,71971,0.45,0,0,0,-13.24,1,0,0,0,Sunday,2,21
173,SKU1,2020-05-31,29177,0.03,0,0,0,-10.86,1,0,0,0,Sunday,2,22
174,SKU1,2020-06-07,30877,0.01,0,0,0,-10.13,1,0,0,0,Sunday,2,23
175,SKU1,2020-06-14,26244,0.01,0,0,0,-8.68,1,0,0,0,Sunday,2,24
176,SKU1,2020-06-21,25445,0.01,0,0,0,-8.57,1,0,0,0,Sunday,2,25
177,SKU1,2020-06-28,26410,0.01,0,0,0,-7.5,1,0,0,0,Sunday,2,26
178,SKU1,2020-07-05,26925,0.01,0,0,0,-8.04,1,0,0,0,Sunday,3,27
179,SKU1,2020-07-12,26973,0.01,0,0,0,-9.36,1,0,0,0,Sunday,3,28
180,SKU1,2020-07-19,25749,0.01,0,0,0,-8.77,1,0,0,0,Sunday,3,29
181,SKU1,2020-07-26,23891,0.01,0,0,0,-9.93,1,0,0,0,Sunday,3,30
182,SKU1,2020-08-02,25792,0.01,0,0,0,-11.65,1,0,0,0,Sunday,3,31
183,SKU1,2020-08-09,24543,0.01,0,0,0,-13.23,1,0,0,0,Sunday,3,32
184,SKU1,2020-08-16,23744,0.01,0,0,0,-20.35,1,0,0,0,Sunday,3,33
185,SKU1,2020-08-23,23606,0.01,0,0,0,-19.41,1,0,0,0,Sunday,3,34
186,SKU1,2020-08-30,24346,0.01,1,0,0,-18.83,1,0,0,0,Sunday,3,35
187,SKU1,2020-09-06,51946,0.17,1,0,0,-16.44,1,0,0,0,Sunday,3,36
188,SKU1,2020-09-13,83565,0.44,1,0,0,-7.28,1,0,0,0,Sunday,3,37
189,SKU1,2020-09-20,50780,0.18,1,0,0,-9.87,1,0,0,0,Sunday,3,38
190,SKU1,2020-09-27,50644,0.17,1,0,0,-7.79,1,0,0,0,Sunday,3,39
191,SKU1,2020-10-04,55980,0.17,1,0,0,-9.73,1,0,0,0,Sunday,4,40
192,SKU1,2020-10-11,44587,0.17,1,0,0,-7.39,1,0,0,0,Sunday,4,41
193,SKU1,2020-10-18,43976,0.17,1,0,0,-7.56,1,0,0,0,Sunday,4,42
194,SKU1,2020-10-25,49593,0.17,0,0,0,-8.39,1,0,0,0,Sunday,4,43
195,SKU1,2020-11-01,33267,0.01,1,0,1,-7.43,1,0,0,0,Sunday,4,44
196,SKU1,2020-11-08,50159,0.17,1,0,1,-5.95,1,0,0,0,Sunday,4,45
197,SKU1,2020-11-15,51369,0.17,1,0,1,-7.2,1,0,0,0,Sunday,4,46
198,SKU1,2020-11-22,0,0.12,1,0,1,-5.96,1,0,0,0,Sunday,4,47
199,SKU1,2020-11-29,0,0.16,1,0,1,-5.3,1,0,0,0,Sunday,4,48
200,SKU1,2020-12-06,0,0.15,1,0,1,-4.38,1,0,0,0,Sunday,4,49
201,SKU1,2020-12-13,0,0.14,1,0,1,-4.74,1,0,0,0,Sunday,4,50
202,SKU1,2020-12-20,0,0.15,1,0,1,-10.27,1,0,0,1,Sunday,4,51
203,SKU1,2020-12-27,0,0.15,1,0,0,-6.95,1,0,0,0,Sunday,4,52
204,SKU2,2017-02-05,7180,0.25,1,0,0,0.0,0,0,0,0,Sunday,1,5
205,SKU2,2017-02-12,7080,0.25,0,0,0,0.0,0,1,0,0,Sunday,1,6
206,SKU2,2017-02-19,2753,0.0,0,0,0,0.0,0,0,0,0,Sunday,1,7
207,SKU2,2017-02-26,3062,0.0,1,0,0,0.0,0,0,0,0,Sunday,1,8
208,SKU2,2017-03-05,8342,0.25,0,0,0,0.0,0,0,0,0,Sunday,1,9
209,SKU2,2017-03-12,3124,0.0,0,1,0,0.0,0,0,0,0,Sunday,1,10
210,SKU2,2017-03-19,41915,0.5,0,0,0,0.0,0,0,0,0,Sunday,1,11
211,SKU2,2017-03-26,3226,0.03,1,0,0,0.0,0,0,0,0,Sunday,1,12
212,SKU2,2017-04-02,7618,0.25,0,0,0,0.0,0,0,0,0,Sunday,2,13
213,SKU2,2017-04-09,3084,0.03,0,0,0,0.0,0,0,1,0,Sunday,2,14
214,SKU2,2017-04-16,2463,0.0,1,0,0,0.0,0,0,0,0,Sunday,2,15
215,SKU2,2017-04-23,6547,0.25,0,1,0,0.0,0,0,0,0,Sunday,2,16
216,SKU2,2017-04-30,8290,0.25,0,0,0,0.0,0,0,0,0,Sunday,2,17
217,SKU2,2017-05-07,3390,0.0,0,0,0,0.0,0,0,0,0,Sunday,2,18
218,SKU2,2017-05-14,3450,0.0,0,1,0,0.0,0,0,0,0,Sunday,2,19
219,SKU2,2017-05-21,52122,0.5,1,0,0,0.0,0,0,0,0,Sunday,2,20
220,SKU2,2017-05-28,7256,0.28,0,0,0,0.0,0,0,0,0,Sunday,2,21
221,SKU2,2017-06-04,3081,0.0,0,1,1,0.0,0,0,0,0,Sunday,2,22
222,SKU2,2017-06-11,8604,0.25,0,0,0,0.0,0,0,0,0,Sunday,2,23
223,SKU2,2017-06-18,3232,0.0,0,1,0,0.0,0,0,0,0,Sunday,2,24
224,SKU2,2017-06-25,33566,0.5,0,0,0,0.0,0,0,0,0,Sunday,2,25
225,SKU2,2017-07-02,3232,0.05,0,0,0,0.0,0,0,0,0,Sunday,3,26
226,SKU2,2017-07-09,2560,0.0,1,0,0,0.0,0,0,0,0,Sunday,3,27
227,SKU2,2017-07-16,8489,0.25,0,0,0,0.0,0,0,0,0,Sunday,3,28
228,SKU2,2017-07-23,2990,0.0,0,1,0,0.0,0,0,0,0,Sunday,3,29
229,SKU2,2017-07-30,7956,0.25,0,0,0,0.0,0,0,0,0,Sunday,3,30
230,SKU2,2017-08-06,3071,0.0,0,0,0,0.0,0,0,0,0,Sunday,3,31
231,SKU2,2017-08-13,3098,0.0,0,0,0,0.0,0,0,0,0,Sunday,3,32
232,SKU2,2017-08-20,3078,0.0,1,0,0,0.0,0,0,0,0,Sunday,3,33
233,SKU2,2017-08-27,8376,0.25,0,0,0,0.0,0,0,0,0,Sunday,3,34
234,SKU2,2017-09-03,2626,0.0,0,0,0,0.0,0,0,0,0,Sunday,3,35
235,SKU2,2017-09-10,2617,0.0,0,0,0,0.0,0,0,0,0,Sunday,3,36
236,SKU2,2017-09-17,2572,0.0,1,0,0,0.0,0,0,0,0,Sunday,3,37
237,SKU2,2017-09-24,6877,0.25,0,0,0,0.0,0,0,0,0,Sunday,3,38
238,SKU2,2017-10-01,2242,0.0,1,0,0,0.0,0,0,0,0,Sunday,4,39
239,SKU2,2017-10-08,7041,0.25,0,0,0,0.0,0,0,0,0,Sunday,4,40
240,SKU2,2017-10-15,2523,0.03,1,0,0,0.0,0,0,0,0,Sunday,4,41
241,SKU2,2017-10-22,6905,0.25,0,1,1,0.0,0,0,0,0,Sunday,4,42
242,SKU2,2017-10-29,40527,0.5,0,0,0,0.0,0,0,0,0,Sunday,4,43
243,SKU2,2017-11-05,2636,0.03,1,0,0,0.0,0,0,0,0,Sunday,4,44
244,SKU2,2017-11-12,6184,0.25,0,0,0,0.0,0,0,0,0,Sunday,4,45
245,SKU2,2017-11-19,2521,0.0,0,0,0,0.0,0,0,0,0,Sunday,4,46
246,SKU2,2017-11-26,2380,0.0,1,0,0,0.0,0,0,0,0,Sunday,4,47
247,SKU2,2017-12-03,6270,0.25,1,0,0,0.0,0,0,0,1,Sunday,4,48
248,SKU2,2017-12-10,5278,0.25,0,0,0,0.0,0,0,0,0,Sunday,4,49
249,SKU2,2017-12-17,2007,0.03,0,0,0,0.0,0,0,0,0,Sunday,4,50
250,SKU2,2017-12-24,1453,0.0,1,0,0,0.0,0,0,0,0,Sunday,4,51
251,SKU2,2017-12-31,4940,0.25,0,0,0,0.0,0,0,0,0,Sunday,4,52
252,SKU2,2018-01-07,2156,0.03,0,0,0,0.0,0,0,0,0,Sunday,1,1
253,SKU2,2018-01-14,2305,0.03,0,1,0,0.0,0,0,0,0,Sunday,1,2
254,SKU2,2018-01-21,6406,0.25,0,0,0,0.0,0,0,0,0,Sunday,1,3
255,SKU2,2018-01-28,2267,0.0,0,0,0,0.0,0,0,0,0,Sunday,1,4
256,SKU2,2018-02-04,2583,0.0,0,1,1,0.0,0,0,0,0,Sunday,1,5
257,SKU2,2018-02-11,32549,0.5,1,0,0,0.0,0,1,0,0,Sunday,1,6
258,SKU2,2018-02-18,6613,0.28,0,0,0,0.0,0,0,0,0,Sunday,1,7
259,SKU2,2018-02-25,2620,0.0,0,0,0,0.0,0,0,0,0,Sunday,1,8
260,SKU2,2018-03-04,2805,0.0,0,0,0,0.0,0,0,0,0,Sunday,1,9
261,SKU2,2018-03-11,3069,0.0,1,0,0,0.0,0,0,0,0,Sunday,1,10
262,SKU2,2018-03-18,8464,0.25,0,0,0,0.0,0,0,0,0,Sunday,1,11
263,SKU2,2018-03-25,3318,0.0,0,0,0,0.0,0,0,0,0,Sunday,1,12
264,SKU2,2018-04-01,2651,0.0,0,1,0,0.0,0,0,0,0,Sunday,2,13
265,SKU2,2018-04-08,17970,0.5,1,0,0,0.0,0,0,1,0,Sunday,2,14
266,SKU2,2018-04-15,7697,0.25,0,0,0,0.0,0,0,0,0,Sunday,2,15
267,SKU2,2018-04-22,2867,0.0,0,1,0,0.0,0,0,0,0,Sunday,2,16
268,SKU2,2018-04-29,6534,0.25,0,0,0,0.0,0,0,0,0,Sunday,2,17
269,SKU2,2018-05-06,3679,0.03,0,1,0,0.0,0,0,0,0,Sunday,2,18
270,SKU2,2018-05-13,41316,0.5,1,0,0,0.0,0,0,0,0,Sunday,2,19
271,SKU2,2018-05-20,8430,0.28,0,1,0,0.0,0,0,0,0,Sunday,2,20
272,SKU2,2018-05-27,8539,0.25,0,1,1,0.0,0,0,0,0,Sunday,2,21
273,SKU2,2018-06-03,8834,0.25,0,0,0,0.0,0,0,0,0,Sunday,2,22
274,SKU2,2018-06-10,2930,0.0,0,0,0,0.0,0,0,0,0,Sunday,2,23
275,SKU2,2018-06-17,3420,0.0,0,1,1,0.0,0,0,0,0,Sunday,2,24
276,SKU2,2018-06-24,42002,0.5,1,0,0,0.0,0,0,0,0,Sunday,2,25
277,SKU2,2018-07-01,8320,0.25,0,0,0,0.0,0,0,0,0,Sunday,3,26
278,SKU2,2018-07-08,3387,0.0,1,0,0,0.0,0,0,0,0,Sunday,3,27
279,SKU2,2018-07-15,9878,0.25,0,0,0,0.0,0,0,0,0,Sunday,3,28
280,SKU2,2018-07-22,3468,0.0,1,0,0,0.0,0,0,0,0,Sunday,3,29
281,SKU2,2018-07-29,9613,0.25,0,0,0,0.0,0,0,0,0,Sunday,3,30
282,SKU2,2018-08-05,3901,0.0,1,0,0,0.0,0,0,0,0,Sunday,3,31
283,SKU2,2018-08-12,8664,0.25,0,0,0,0.0,0,0,0,0,Sunday,3,32
284,SKU2,2018-08-19,3395,0.0,1,0,0,0.0,0,0,0,0,Sunday,3,33
285,SKU2,2018-08-26,9024,0.25,0,0,0,0.0,0,0,0,0,Sunday,3,34
286,SKU2,2018-09-02,3725,0.03,0,0,0,0.0,0,0,0,0,Sunday,3,35
287,SKU2,2018-09-09,3139,0.03,0,0,0,0.0,0,0,0,0,Sunday,3,36
288,SKU2,2018-09-16,3126,0.0,1,0,0,0.0,0,0,0,0,Sunday,3,37
289,SKU2,2018-09-23,9301,0.25,0,0,0,0.0,0,0,0,0,Sunday,3,38
290,SKU2,2018-09-30,3053,0.03,0,1,0,0.0,0,0,0,0,Sunday,3,39
291,SKU2,2018-10-07,32900,0.5,1,0,0,0.0,0,0,0,0,Sunday,4,40
292,SKU2,2018-10-14,7386,0.25,0,0,0,0.0,0,0,0,0,Sunday,4,41
293,SKU2,2018-10-21,2990,0.0,0,0,0,0.0,0,0,0,0,Sunday,4,42
294,SKU2,2018-10-28,3269,0.0,0,0,0,0.0,0,0,0,0,Sunday,4,43
295,SKU2,2018-11-04,3304,0.0,0,0,0,0.0,0,0,0,0,Sunday,4,44
296,SKU2,2018-11-11,2825,0.0,1,0,0,0.0,0,0,0,0,Sunday,4,45
297,SKU2,2018-11-18,7680,0.25,0,0,0,0.0,0,0,0,0,Sunday,4,46
298,SKU2,2018-11-25,2747,0.03,0,0,0,0.0,0,0,0,0,Sunday,4,47
299,SKU2,2018-12-02,2781,0.0,1,0,0,0.0,0,0,0,1,Sunday,4,48
300,SKU2,2018-12-09,7022,0.25,0,0,0,0.0,0,0,0,0,Sunday,4,49
301,SKU2,2018-12-16,2609,0.0,0,0,0,0.0,0,0,0,0,Sunday,4,50
302,SKU2,2018-12-23,1976,0.03,0,0,0,0.0,0,0,0,0,Sunday,4,51
303,SKU2,2018-12-30,2027,0.0,0,0,0,0.0,0,0,0,0,Sunday,4,52
304,SKU2,2019-01-06,2642,0.0,0,0,0,0.0,0,0,0,0,Sunday,1,1
305,SKU2,2019-01-13,2808,0.0,0,1,0,0.0,0,0,0,0,Sunday,1,2
306,SKU2,2019-01-20,8978,0.25,1,0,0,0.0,0,0,0,0,Sunday,1,3
307,SKU2,2019-01-27,6950,0.25,0,0,0,0.0,0,0,0,0,Sunday,1,4
308,SKU2,2019-02-03,3019,0.0,0,0,0,0.0,0,0,0,0,Sunday,1,5
309,SKU2,2019-02-10,2837,0.0,0,0,0,0.0,0,1,0,0,Sunday,1,6
310,SKU2,2019-02-17,3055,0.0,0,1,0,0.0,0,0,0,0,Sunday,1,7
311,SKU2,2019-02-24,23327,0.5,1,0,0,0.0,0,0,0,0,Sunday,1,8
312,SKU2,2019-03-03,7084,0.25,1,0,0,0.0,0,0,0,0,Sunday,1,9
313,SKU2,2019-03-10,6714,0.25,0,0,0,0.0,0,0,0,0,Sunday,1,10
314,SKU2,2019-03-17,2744,0.0,0,0,0,0.0,0,0,0,0,Sunday,1,11
315,SKU2,2019-03-24,2900,0.0,0,1,0,0.0,0,0,0,0,Sunday,1,12
316,SKU2,2019-03-31,7817,0.25,0,0,0,0.0,0,0,0,0,Sunday,1,13
317,SKU2,2019-04-07,2749,0.03,1,0,0,0.0,0,0,1,0,Sunday,2,14
318,SKU2,2019-04-14,10895,0.25,0,0,0,0.0,0,0,0,0,Sunday,2,15
319,SKU2,2019-04-21,2178,0.0,1,0,0,0.0,0,0,0,0,Sunday,2,16
320,SKU2,2019-04-28,6349,0.25,0,0,0,0.0,0,0,0,0,Sunday,2,17
321,SKU2,2019-05-05,2628,0.0,0,1,0,0.0,0,0,0,0,Sunday,2,18
322,SKU2,2019-05-12,36674,0.5,1,0,0,0.0,0,0,0,0,Sunday,2,19
323,SKU2,2019-05-19,6838,0.28,0,0,0,0.0,0,0,0,0,Sunday,2,20
324,SKU2,2019-05-26,2598,0.0,0,1,0,0.0,0,0,0,0,Sunday,2,21
325,SKU2,2019-06-02,6743,0.25,0,0,0,0.0,0,0,0,0,Sunday,2,22
326,SKU2,2019-06-09,2423,0.0,0,0,0,0.0,0,0,0,0,Sunday,2,23
327,SKU2,2019-06-16,2779,0.0,0,1,0,0.0,0,0,0,0,Sunday,2,24
328,SKU2,2019-06-23,37065,0.5,1,0,0,0.0,0,0,0,0,Sunday,2,25
329,SKU2,2019-06-30,5908,0.28,0,0,0,0.0,0,0,0,0,Sunday,2,26
330,SKU2,2019-07-07,2349,0.0,0,0,0,0.0,0,0,0,0,Sunday,3,27
331,SKU2,2019-07-14,2569,0.0,1,0,0,0.0,0,0,0,0,Sunday,3,28
332,SKU2,2019-07-21,7718,0.25,0,0,0,0.0,0,0,0,0,Sunday,3,29
333,SKU2,2019-07-28,2867,0.0,1,0,0,0.0,0,0,0,0,Sunday,3,30
334,SKU2,2019-08-04,8486,0.25,0,0,0,0.0,0,0,0,0,Sunday,3,31
335,SKU2,2019-08-11,3004,0.0,1,0,1,0.0,0,0,0,0,Sunday,3,32
336,SKU2,2019-08-18,9897,0.25,0,0,0,0.0,0,0,0,0,Sunday,3,33
337,SKU2,2019-08-25,2580,0.0,0,0,0,0.0,0,0,0,0,Sunday,3,34
338,SKU2,2019-09-01,2743,0.0,1,0,0,0.0,0,0,0,0,Sunday,3,35
339,SKU2,2019-09-08,7933,0.25,1,0,0,0.0,0,0,0,0,Sunday,3,36
340,SKU2,2019-09-15,2748,0.03,1,0,0,0.0,0,0,0,0,Sunday,3,37
341,SKU2,2019-09-22,7533,0.25,1,0,0,0.0,0,0,0,0,Sunday,3,38
342,SKU2,2019-09-29,6829,0.25,1,0,0,0.0,0,0,0,0,Sunday,3,39
343,SKU2,2019-10-06,2461,0.0,0,1,1,0.0,0,0,0,0,Sunday,4,40
344,SKU2,2019-10-13,40111,0.5,1,0,0,0.0,0,0,0,0,Sunday,4,41
345,SKU2,2019-10-20,7766,0.25,1,0,0,0.0,0,0,0,0,Sunday,4,42
346,SKU2,2019-10-27,7209,0.25,0,0,0,0.0,0,0,0,0,Sunday,4,43
347,SKU2,2019-11-03,2585,0.0,0,0,0,0.0,0,0,0,0,Sunday,4,44
348,SKU2,2019-11-10,2907,0.0,0,0,0,0.0,0,0,0,0,Sunday,4,45
349,SKU2,2019-11-17,3026,0.0,0,1,1,0.0,0,0,0,0,Sunday,4,46
350,SKU2,2019-11-24,39870,0.5,1,0,0,0.0,0,0,0,0,Sunday,4,47
351,SKU2,2019-12-01,7690,0.25,1,0,0,0.0,0,0,0,1,Sunday,4,48
352,SKU2,2019-12-08,7215,0.25,0,0,0,0.0,0,0,0,0,Sunday,4,49
353,SKU2,2019-12-15,2339,0.03,0,0,0,0.0,0,0,0,0,Sunday,4,50
354,SKU2,2019-12-22,2178,0.0,0,0,0,0.0,0,0,0,0,Sunday,4,51
355,SKU2,2019-12-29,1714,0.0,0,0,0,0.0,0,0,0,0,Sunday,4,52
356,SKU2,2020-01-05,2506,0.01,0,0,0,0.0,0,0,0,0,Sunday,1,1
357,SKU2,2020-01-12,2870,0.01,1,0,0,0.0,0,0,0,0,Sunday,1,2
358,SKU2,2020-01-19,7374,0.25,0,1,0,0.0,0,0,0,0,Sunday,1,3
359,SKU2,2020-01-26,30409,0.5,1,0,0,0.0,0,0,0,0,Sunday,1,4
360,SKU2,2020-02-02,5152,0.15,1,0,0,0.0,0,0,0,0,Sunday,1,5
361,SKU2,2020-02-09,6993,0.25,0,0,0,2.36,1,0,0,0,Sunday,1,6
362,SKU2,2020-02-16,2857,0.01,1,0,0,3.3,1,1,0,0,Sunday,1,7
363,SKU2,2020-02-23,9823,0.26,1,0,0,3.9,1,0,0,0,Sunday,1,8
364,SKU2,2020-03-01,9807,0.26,0,0,0,3.81,1,0,0,0,Sunday,1,9
365,SKU2,2020-03-08,3759,0.01,0,0,0,3.01,1,0,0,0,Sunday,1,10
366,SKU2,2020-03-15,5999,0.01,0,0,0,0.26,1,0,0,0,Sunday,1,11
367,SKU2,2020-03-22,5403,0.0,0,0,0,-15.7,1,0,0,0,Sunday,1,12
368,SKU2,2020-03-29,4258,0.01,0,0,0,-26.63,1,0,0,0,Sunday,1,13
369,SKU2,2020-04-05,3719,0.01,0,0,0,-28.49,1,0,0,0,Sunday,2,14
370,SKU2,2020-04-12,2914,0.01,0,0,0,-27.3,1,0,1,0,Sunday,2,15
371,SKU2,2020-04-19,3275,0.01,0,0,0,-24.28,1,0,0,0,Sunday,2,16
372,SKU2,2020-04-26,3251,0.01,0,0,0,-22.58,1,0,0,0,Sunday,2,17
373,SKU2,2020-05-03,3189,0.01,0,0,0,-18.18,1,0,0,0,Sunday,2,18
374,SKU2,2020-05-10,3298,0.01,0,0,0,-15.91,1,0,0,0,Sunday,2,19
375,SKU2,2020-05-17,3411,0.01,0,0,0,-15.27,1,0,0,0,Sunday,2,20
376,SKU2,2020-05-24,3424,0.01,0,0,0,-13.24,1,0,0,0,Sunday,2,21
377,SKU2,2020-05-31,3416,0.01,0,0,0,-10.86,1,0,0,0,Sunday,2,22
378,SKU2,2020-06-07,3181,0.01,0,0,0,-10.13,1,0,0,0,Sunday,2,23
379,SKU2,2020-06-14,3339,0.01,0,0,0,-8.68,1,0,0,0,Sunday,2,24
380,SKU2,2020-06-21,3425,0.01,0,0,0,-8.57,1,0,0,0,Sunday,2,25
381,SKU2,2020-06-28,3279,0.01,0,0,0,-7.5,1,0,0,0,Sunday,2,26
382,SKU2,2020-07-05,3267,0.02,0,0,0,-8.04,1,0,0,0,Sunday,3,27
383,SKU2,2020-07-12,3154,0.01,1,0,0,-9.36,1,0,0,0,Sunday,3,28
384,SKU2,2020-07-19,8340,0.26,0,0,0,-8.77,1,0,0,0,Sunday,3,29
385,SKU2,2020-07-26,3076,0.02,1,0,0,-9.93,1,0,0,0,Sunday,3,30
386,SKU2,2020-08-02,7732,0.26,0,0,0,-11.65,1,0,0,0,Sunday,3,31
387,SKU2,2020-08-09,3210,0.02,1,0,0,-13.23,1,0,0,0,Sunday,3,32
388,SKU2,2020-08-16,34327,0.5,1,0,0,-20.35,1,0,0,0,Sunday,3,33
389,SKU2,2020-08-23,7910,0.27,0,0,0,-19.41,1,0,0,0,Sunday,3,34
390,SKU2,2020-08-30,3170,0.02,1,0,0,-18.83,1,0,0,0,Sunday,3,35
391,SKU2,2020-09-06,8152,0.26,0,0,0,-16.44,1,0,0,0,Sunday,3,36
392,SKU2,2020-09-13,3081,0.02,0,0,0,-7.28,1,0,0,0,Sunday,3,37
393,SKU2,2020-09-20,3322,0.01,1,0,0,-9.87,1,0,0,0,Sunday,3,38
394,SKU2,2020-09-27,8123,0.25,0,0,0,-7.79,1,0,0,0,Sunday,3,39
395,SKU2,2020-10-04,3160,0.02,0,1,1,-9.73,1,0,0,0,Sunday,4,40
396,SKU2,2020-10-11,40169,0.5,1,0,0,-7.39,1,0,0,0,Sunday,4,41
397,SKU2,2020-10-18,8102,0.27,1,0,0,-7.56,1,0,0,0,Sunday,4,42
398,SKU2,2020-10-25,8143,0.26,0,0,0,-8.39,1,0,0,0,Sunday,4,43
399,SKU2,2020-11-01,3062,0.02,1,0,0,-7.43,1,0,0,0,Sunday,4,44
400,SKU2,2020-11-08,22460,0.5,0,0,0,-5.95,1,0,0,0,Sunday,4,45
401,SKU2,2020-11-15,3464,0.05,1,0,0,-7.2,1,0,0,0,Sunday,4,46
402,SKU2,2020-11-22,0,0.27,1,0,0,-5.96,1,0,0,0,Sunday,4,47
403,SKU2,2020-11-29,0,0.23,1,0,0,-5.3,1,0,0,0,Sunday,4,48
404,SKU2,2020-12-06,0,0.22,0,0,0,-4.38,1,0,0,0,Sunday,4,49
405,SKU2,2020-12-13,0,0.22,0,0,0,-4.74,1,0,0,0,Sunday,4,50
406,SKU2,2020-12-20,0,0.25,0,0,0,-10.27,1,0,0,1,Sunday,4,51
407,SKU2,2020-12-27,0,0.21,0,0,0,-6.95,1,0,0,0,Sunday,4,52
408,SKU3,2017-02-05,39767,0.3,0,1,1,0.0,0,0,0,0,Sunday,1,5
409,SKU3,2017-02-12,49090,0.3,1,0,0,0.0,0,1,0,0,Sunday,1,6
410,SKU3,2017-02-19,41044,0.3,1,0,1,0.0,0,0,0,0,Sunday,1,7
411,SKU3,2017-02-26,53637,0.3,0,0,0,0.0,0,0,0,0,Sunday,1,8
412,SKU3,2017-03-05,13568,0.0,0,1,0,0.0,0,0,0,0,Sunday,1,9
413,SKU3,2017-03-12,48230,0.3,1,0,0,0.0,0,0,0,0,Sunday,1,10
414,SKU3,2017-03-19,47632,0.3,1,0,0,0.0,0,0,0,0,Sunday,1,11
415,SKU3,2017-03-26,52458,0.3,1,0,0,0.0,0,0,0,0,Sunday,1,12
416,SKU3,2017-04-02,48624,0.3,0,1,0,0.0,0,0,0,0,Sunday,2,13
417,SKU3,2017-04-09,58678,0.3,1,0,0,0.0,0,0,1,0,Sunday,2,14
418,SKU3,2017-04-16,31180,0.2,0,1,0,0.0,0,0,0,0,Sunday,2,15
419,SKU3,2017-04-23,39918,0.3,1,0,0,0.0,0,0,0,0,Sunday,2,16
420,SKU3,2017-04-30,28519,0.2,0,1,1,0.0,0,0,0,0,Sunday,2,17
421,SKU3,2017-05-07,212245,0.5,1,0,0,0.0,0,0,0,0,Sunday,2,18
422,SKU3,2017-05-14,46634,0.3,0,0,0,0.0,0,0,0,0,Sunday,2,19
423,SKU3,2017-05-21,15816,0.0,1,0,0,0.0,0,0,0,0,Sunday,2,20
424,SKU3,2017-05-28,50615,0.3,1,0,1,0.0,0,0,0,0,Sunday,2,21
425,SKU3,2017-06-04,55744,0.3,0,1,1,0.0,0,0,0,0,Sunday,2,22
426,SKU3,2017-06-11,248373,0.5,1,0,1,0.0,0,0,0,0,Sunday,2,23
427,SKU3,2017-06-18,56218,0.3,0,1,1,0.0,0,0,0,0,Sunday,2,24
428,SKU3,2017-06-25,88330,0.4,1,0,1,0.0,0,0,0,0,Sunday,2,25
429,SKU3,2017-07-02,21719,0.02,0,1,1,0.0,0,0,0,0,Sunday,3,26
430,SKU3,2017-07-09,66602,0.3,1,0,1,0.0,0,0,0,0,Sunday,3,27
431,SKU3,2017-07-16,37996,0.2,1,0,1,0.0,0,0,0,0,Sunday,3,28
432,SKU3,2017-07-23,60173,0.3,1,0,1,0.0,0,0,0,0,Sunday,3,29
433,SKU3,2017-07-30,18827,0.0,1,0,0,0.0,0,0,0,0,Sunday,3,30
434,SKU3,2017-08-06,52917,0.3,1,0,1,0.0,0,0,0,0,Sunday,3,31
435,SKU3,2017-08-13,19315,0.0,1,0,1,0.0,0,0,0,0,Sunday,3,32
436,SKU3,2017-08-20,57361,0.3,0,1,1,0.0,0,0,0,0,Sunday,3,33
437,SKU3,2017-08-27,236242,0.5,1,0,1,0.0,0,0,0,0,Sunday,3,34
438,SKU3,2017-09-03,55091,0.3,1,0,1,0.0,0,0,0,0,Sunday,3,35
439,SKU3,2017-09-10,64818,0.3,1,0,1,0.0,0,0,0,0,Sunday,3,36
440,SKU3,2017-09-17,63731,0.4,0,1,1,0.0,0,0,0,0,Sunday,3,37
441,SKU3,2017-09-24,72851,0.4,1,0,1,0.0,0,0,0,0,Sunday,3,38
442,SKU3,2017-10-01,18797,0.02,1,0,1,0.0,0,0,0,0,Sunday,4,39
443,SKU3,2017-10-08,52132,0.3,1,0,1,0.0,0,0,0,0,Sunday,4,40
444,SKU3,2017-10-15,31259,0.2,0,1,1,0.0,0,0,0,0,Sunday,4,41
445,SKU3,2017-10-22,49891,0.3,1,0,1,0.0,0,0,0,0,Sunday,4,42
446,SKU3,2017-10-29,16354,0.02,0,1,1,0.0,0,0,0,0,Sunday,4,43
447,SKU3,2017-11-05,212947,0.5,1,0,1,0.0,0,0,0,0,Sunday,4,44
448,SKU3,2017-11-12,47367,0.3,1,0,1,0.0,0,0,0,0,Sunday,4,45
449,SKU3,2017-11-19,29788,0.2,1,0,1,0.0,0,0,0,0,Sunday,4,46
450,SKU3,2017-11-26,43078,0.3,0,1,1,0.0,0,0,0,0,Sunday,4,47
451,SKU3,2017-12-03,62176,0.4,1,0,1,0.0,0,0,0,1,Sunday,4,48
452,SKU3,2017-12-10,15098,0.0,1,0,1,0.0,0,0,0,0,Sunday,4,49
453,SKU3,2017-12-17,46362,0.3,1,0,0,0.0,0,0,0,0,Sunday,4,50
454,SKU3,2017-12-24,40244,0.3,1,0,1,0.0,0,0,0,0,Sunday,4,51
455,SKU3,2017-12-31,10970,0.0,1,0,0,0.0,0,0,0,0,Sunday,4,52
456,SKU3,2018-01-07,57707,0.4,1,0,1,0.0,0,0,0,0,Sunday,1,1
457,SKU3,2018-01-14,13001,0.02,0,1,0,0.0,0,0,0,0,Sunday,1,2
458,SKU3,2018-01-21,60844,0.4,1,0,1,0.0,0,0,0,0,Sunday,1,3
459,SKU3,2018-01-28,14766,0.0,1,0,0,0.0,0,0,0,0,Sunday,1,4
460,SKU3,2018-02-04,66821,0.4,1,0,1,0.0,0,0,0,0,Sunday,1,5
461,SKU3,2018-02-11,14822,0.0,0,1,1,0.0,0,1,0,0,Sunday,1,6
462,SKU3,2018-02-18,65917,0.4,1,0,0,0.0,0,0,0,0,Sunday,1,7
463,SKU3,2018-02-25,72768,0.4,1,0,1,0.0,0,0,0,0,Sunday,1,8
464,SKU3,2018-03-04,15242,0.0,0,1,0,0.0,0,0,0,0,Sunday,1,9
465,SKU3,2018-03-11,77546,0.4,1,0,1,0.0,0,0,0,0,Sunday,1,10
466,SKU3,2018-03-18,15914,0.0,0,1,0,0.0,0,0,0,0,Sunday,1,11
467,SKU3,2018-03-25,81070,0.4,1,0,1,0.0,0,0,0,0,Sunday,1,12
468,SKU3,2018-04-01,16298,0.02,1,0,0,0.0,0,0,0,0,Sunday,2,13
469,SKU3,2018-04-08,63779,0.4,1,0,1,0.0,0,0,1,0,Sunday,2,14
470,SKU3,2018-04-15,15593,0.0,1,0,0,0.0,0,0,0,0,Sunday,2,15
471,SKU3,2018-04-22,91541,0.4,1,0,1,0.0,0,0,0,0,Sunday,2,16
472,SKU3,2018-04-29,41716,0.2,0,1,0,0.0,0,0,0,0,Sunday,2,17
473,SKU3,2018-05-06,85960,0.4,1,0,0,0.0,0,0,0,0,Sunday,2,18
474,SKU3,2018-05-13,73443,0.4,1,0,1,0.0,0,0,0,0,Sunday,2,19
475,SKU3,2018-05-20,81236,0.4,1,0,1,0.0,0,0,0,0,Sunday,2,20
476,SKU3,2018-05-27,20184,0.0,1,0,1,0.0,0,0,0,0,Sunday,2,21
477,SKU3,2018-06-03,43483,0.2,0,1,1,0.0,0,0,0,0,Sunday,2,22
478,SKU3,2018-06-10,288322,0.5,1,0,1,0.0,0,0,0,0,Sunday,2,23
479,SKU3,2018-06-17,44670,0.22,1,0,1,0.0,0,0,0,0,Sunday,2,24
480,SKU3,2018-06-24,83798,0.4,1,0,1,0.0,0,0,0,0,Sunday,2,25
481,SKU3,2018-07-01,45241,0.2,0,1,1,0.0,0,0,0,0,Sunday,3,26
482,SKU3,2018-07-08,98300,0.4,1,0,1,0.0,0,0,0,0,Sunday,3,27
483,SKU3,2018-07-15,24771,0.0,0,1,0,0.0,0,0,0,0,Sunday,3,28
484,SKU3,2018-07-22,77644,0.4,1,0,1,0.0,0,0,0,0,Sunday,3,29
485,SKU3,2018-07-29,21768,0.0,1,0,0,0.0,0,0,0,0,Sunday,3,30
486,SKU3,2018-08-05,43217,0.2,1,0,1,0.0,0,0,0,0,Sunday,3,31
487,SKU3,2018-08-12,21318,0.0,0,1,1,0.0,0,0,0,0,Sunday,3,32
488,SKU3,2018-08-19,94025,0.4,1,0,1,0.0,0,0,0,0,Sunday,3,33
489,SKU3,2018-08-26,19395,0.0,1,0,0,0.0,0,0,0,0,Sunday,3,34
490,SKU3,2018-09-02,84724,0.4,1,0,1,0.0,0,0,0,0,Sunday,3,35
491,SKU3,2018-09-09,17903,0.0,1,0,0,0.0,0,0,0,0,Sunday,3,36
492,SKU3,2018-09-16,83294,0.4,1,0,1,0.0,0,0,0,0,Sunday,3,37
493,SKU3,2018-09-23,69874,0.4,0,1,1,0.0,0,0,0,0,Sunday,3,38
494,SKU3,2018-09-30,237462,0.5,1,0,1,0.0,0,0,0,0,Sunday,3,39
495,SKU3,2018-10-07,19806,0.04,0,1,0,0.0,0,0,0,0,Sunday,4,40
496,SKU3,2018-10-14,94028,0.4,1,0,1,0.0,0,0,0,0,Sunday,4,41
497,SKU3,2018-10-21,17859,0.0,0,1,1,0.0,0,0,0,0,Sunday,4,42
498,SKU3,2018-10-28,73225,0.4,1,0,1,0.0,0,0,0,0,Sunday,4,43
499,SKU3,2018-11-04,16559,0.0,0,1,0,0.0,0,0,0,0,Sunday,4,44
500,SKU3,2018-11-11,86341,0.4,1,0,1,0.0,0,0,0,0,Sunday,4,45
501,SKU3,2018-11-18,18175,0.02,0,1,0,0.0,0,0,0,0,Sunday,4,46
502,SKU3,2018-11-25,85834,0.4,1,0,1,0.0,0,0,0,0,Sunday,4,47
503,SKU3,2018-12-02,16673,0.02,1,0,1,0.0,0,0,0,1,Sunday,4,48
504,SKU3,2018-12-09,80303,0.4,1,0,1,0.0,0,0,0,0,Sunday,4,49
505,SKU3,2018-12-16,16228,0.02,1,0,1,0.0,0,0,0,0,Sunday,4,50
506,SKU3,2018-12-23,15567,0.0,1,0,0,0.0,0,0,0,0,Sunday,4,51
507,SKU3,2018-12-30,19818,0.2,0,1,0,0.0,0,0,0,0,Sunday,4,52
508,SKU3,2019-01-06,65120,0.42,1,0,1,0.0,0,0,0,0,Sunday,1,1
509,SKU3,2019-01-13,13910,0.0,0,1,0,0.0,0,0,0,0,Sunday,1,2
510,SKU3,2019-01-20,72688,0.4,1,0,1,0.0,0,0,0,0,Sunday,1,3
511,SKU3,2019-01-27,15378,0.0,0,1,0,0.0,0,0,0,0,Sunday,1,4
512,SKU3,2019-02-03,77331,0.4,1,0,1,0.0,0,0,0,0,Sunday,1,5
513,SKU3,2019-02-10,16284,0.03,1,0,1,0.0,0,1,0,0,Sunday,1,6
514,SKU3,2019-02-17,195088,0.5,1,0,1,0.0,0,0,0,0,Sunday,1,7
515,SKU3,2019-02-24,66726,0.4,0,1,1,0.0,0,0,0,0,Sunday,1,8
516,SKU3,2019-03-03,70897,0.4,1,0,1,0.0,0,0,0,0,Sunday,1,9
517,SKU3,2019-03-10,18959,0.07,0,1,1,0.0,0,0,0,0,Sunday,1,10
518,SKU3,2019-03-17,84789,0.4,1,0,1,0.0,0,0,0,0,Sunday,1,11
519,SKU3,2019-03-24,23297,0.22,0,1,0,0.0,0,0,0,0,Sunday,1,12
520,SKU3,2019-03-31,74574,0.4,1,0,1,0.0,0,0,0,0,Sunday,1,13
521,SKU3,2019-04-07,20603,0.23,0,1,0,0.0,0,0,1,0,Sunday,2,14
522,SKU3,2019-04-14,82925,0.45,1,0,1,0.0,0,0,0,0,Sunday,2,15
523,SKU3,2019-04-21,16258,0.09,0,1,1,0.0,0,0,0,0,Sunday,2,16
524,SKU3,2019-04-28,60819,0.4,1,0,1,0.0,0,0,0,0,Sunday,2,17
525,SKU3,2019-05-05,14847,0.21,0,1,0,0.0,0,0,0,0,Sunday,2,18
526,SKU3,2019-05-12,73917,0.43,1,0,1,0.0,0,0,0,0,Sunday,2,19
527,SKU3,2019-05-19,30770,0.38,0,1,0,0.0,0,0,0,0,Sunday,2,20
528,SKU3,2019-05-26,65796,0.49,1,0,0,0.0,0,0,0,0,Sunday,2,21
529,SKU3,2019-06-02,19708,0.3,0,1,0,0.0,0,0,0,0,Sunday,2,22
530,SKU3,2019-06-09,197503,0.55,1,0,0,0.0,0,0,0,0,Sunday,2,23
531,SKU3,2019-06-16,40396,0.43,0,1,0,0.0,0,0,0,0,Sunday,2,24
532,SKU3,2019-06-23,75058,0.45,1,0,1,0.0,0,0,0,0,Sunday,2,25
533,SKU3,2019-06-30,34350,0.35,1,0,1,0.0,0,0,0,0,Sunday,2,26
534,SKU3,2019-07-07,63367,0.41,1,0,1,0.0,0,0,0,0,Sunday,3,27
535,SKU3,2019-07-14,19698,0.33,0,1,0,0.0,0,0,0,0,Sunday,3,28
536,SKU3,2019-07-21,82028,0.48,1,0,1,0.0,0,0,0,0,Sunday,3,29
537,SKU3,2019-07-28,18589,0.33,0,1,1,0.0,0,0,0,0,Sunday,3,30
538,SKU3,2019-08-04,75642,0.51,1,0,1,0.0,0,0,0,0,Sunday,3,31
539,SKU3,2019-08-11,20287,0.33,0,1,1,0.0,0,0,0,0,Sunday,3,32
540,SKU3,2019-08-18,224723,0.52,1,0,1,0.0,0,0,0,0,Sunday,3,33
541,SKU3,2019-08-25,36190,0.22,0,1,0,0.0,0,0,0,0,Sunday,3,34
542,SKU3,2019-09-01,78848,0.51,1,0,1,0.0,0,0,0,0,Sunday,3,35
543,SKU3,2019-09-08,18947,0.33,1,0,0,0.0,0,0,0,0,Sunday,3,36
544,SKU3,2019-09-15,75687,0.45,1,0,1,0.0,0,0,0,0,Sunday,3,37
545,SKU3,2019-09-22,22404,0.34,0,1,1,0.0,0,0,0,0,Sunday,3,38
546,SKU3,2019-09-29,207356,0.54,1,0,1,0.0,0,0,0,0,Sunday,3,39
547,SKU3,2019-10-06,37198,0.32,0,1,1,0.0,0,0,0,0,Sunday,4,40
548,SKU3,2019-10-13,83295,0.22,1,0,1,0.0,0,0,0,0,Sunday,4,41
549,SKU3,2019-10-20,18549,0.04,0,1,0,0.0,0,0,0,0,Sunday,4,42
550,SKU3,2019-10-27,77885,0.23,1,0,1,0.0,0,0,0,0,Sunday,4,43
551,SKU3,2019-11-03,16769,0.04,0,1,1,0.0,0,0,0,0,Sunday,4,44
552,SKU3,2019-11-10,182891,0.49,1,0,1,0.0,0,0,0,0,Sunday,4,45
553,SKU3,2019-11-17,30944,0.14,0,1,0,0.0,0,0,0,0,Sunday,4,46
554,SKU3,2019-11-24,74345,0.22,1,0,1,0.0,0,0,0,0,Sunday,4,47
555,SKU3,2019-12-01,16864,0.04,0,1,1,0.0,0,0,0,1,Sunday,4,48
556,SKU3,2019-12-08,72108,0.35,1,0,1,0.0,0,0,0,0,Sunday,4,49
557,SKU3,2019-12-15,29325,0.2,1,0,1,0.0,0,0,0,0,Sunday,4,50
558,SKU3,2019-12-22,33126,0.13,1,0,0,0.0,0,0,0,0,Sunday,4,51
559,SKU3,2019-12-29,17979,0.2,0,1,0,0.0,0,0,0,0,Sunday,4,52
560,SKU3,2020-01-05,50536,0.5,1,0,1,0.0,0,0,0,0,Sunday,1,1
561,SKU3,2020-01-12,13672,0.36,0,1,0,0.0,0,0,0,0,Sunday,1,2
562,SKU3,2020-01-19,59700,0.8,1,0,1,0.0,0,0,0,0,Sunday,1,3
563,SKU3,2020-01-26,14278,0.67,0,1,1,0.0,0,0,0,0,Sunday,1,4
564,SKU3,2020-02-02,56120,0.8,1,0,1,0.0,0,0,0,0,Sunday,1,5
565,SKU3,2020-02-09,15286,0.67,0,1,1,2.36,1,0,0,0,Sunday,1,6
566,SKU3,2020-02-16,187548,0.51,1,0,1,3.3,1,1,0,0,Sunday,1,7
567,SKU3,2020-02-23,31172,0.74,0,1,0,3.9,1,0,0,0,Sunday,1,8
568,SKU3,2020-03-01,76759,0.8,1,0,1,3.81,1,0,0,0,Sunday,1,9
569,SKU3,2020-03-08,16311,0.67,0,1,0,3.01,1,0,0,0,Sunday,1,10
570,SKU3,2020-03-15,102770,0.48,1,0,1,0.26,1,0,0,0,Sunday,1,11
571,SKU3,2020-03-22,24862,0.67,0,0,0,-15.7,1,0,0,0,Sunday,1,12
572,SKU3,2020-03-29,33476,0.67,1,0,1,-26.63,1,0,0,0,Sunday,1,13
573,SKU3,2020-04-05,29350,0.67,0,1,0,-28.49,1,0,0,0,Sunday,2,14
574,SKU3,2020-04-12,97959,0.8,1,0,0,-27.3,1,0,1,0,Sunday,2,15
575,SKU3,2020-04-19,19116,0.68,0,1,1,-24.28,1,0,0,0,Sunday,2,16
576,SKU3,2020-04-26,64671,0.77,1,0,0,-22.58,1,0,0,0,Sunday,2,17
577,SKU3,2020-05-03,22217,0.67,0,0,0,-18.18,1,0,0,0,Sunday,2,18
578,SKU3,2020-05-10,78949,0.8,0,0,0,-15.91,1,0,0,0,Sunday,2,19
579,SKU3,2020-05-17,19161,0.67,0,0,0,-15.27,1,0,0,0,Sunday,2,20
580,SKU3,2020-05-24,66290,0.8,0,0,0,-13.24,1,0,0,0,Sunday,2,21
581,SKU3,2020-05-31,19726,0.67,1,0,1,-10.86,1,0,0,0,Sunday,2,22
582,SKU3,2020-06-07,75510,0.8,1,0,1,-10.13,1,0,0,0,Sunday,2,23
583,SKU3,2020-06-14,20278,0.67,1,0,1,-8.68,1,0,0,0,Sunday,2,24
584,SKU3,2020-06-21,79090,0.8,1,0,1,-8.57,1,0,0,0,Sunday,2,25
585,SKU3,2020-06-28,23331,0.67,1,0,0,-7.5,1,0,0,0,Sunday,2,26
586,SKU3,2020-07-05,63430,0.77,1,0,1,-8.04,1,0,0,0,Sunday,3,27
587,SKU3,2020-07-12,20478,0.67,0,1,1,-9.36,1,0,0,0,Sunday,3,28
588,SKU3,2020-07-19,184365,0.83,1,0,0,-8.77,1,0,0,0,Sunday,3,29
589,SKU3,2020-07-26,33301,0.71,1,0,0,-9.93,1,0,0,0,Sunday,3,30
590,SKU3,2020-08-02,60530,0.77,1,0,0,-11.65,1,0,0,0,Sunday,3,31
591,SKU3,2020-08-09,21666,0.67,1,0,1,-13.23,1,0,0,0,Sunday,3,32
592,SKU3,2020-08-16,189965,0.83,1,0,1,-20.35,1,0,0,0,Sunday,3,33
593,SKU3,2020-08-23,51798,0.77,1,0,1,-19.41,1,0,0,0,Sunday,3,34
594,SKU3,2020-08-30,51884,0.77,1,0,1,-18.83,1,0,0,0,Sunday,3,35
595,SKU3,2020-09-06,21108,0.67,0,1,0,-16.44,1,0,0,0,Sunday,3,36
596,SKU3,2020-09-13,57867,0.77,1,0,1,-7.28,1,0,0,0,Sunday,3,37
597,SKU3,2020-09-20,19186,0.67,1,0,1,-9.87,1,0,0,0,Sunday,3,38
598,SKU3,2020-09-27,59997,0.77,1,0,1,-7.79,1,0,0,0,Sunday,3,39
599,SKU3,2020-10-04,52970,0.77,0,1,1,-9.73,1,0,0,0,Sunday,4,40
600,SKU3,2020-10-11,54751,0.77,1,0,1,-7.39,1,0,0,0,Sunday,4,41
601,SKU3,2020-10-18,17625,0.67,0,1,0,-7.56,1,0,0,0,Sunday,4,42
602,SKU3,2020-10-25,60638,0.77,1,0,1,-8.39,1,0,0,0,Sunday,4,43
603,SKU3,2020-11-01,15003,0.67,1,0,1,-7.43,1,0,0,0,Sunday,4,44
604,SKU3,2020-11-08,42459,0.77,1,0,0,-5.95,1,0,0,0,Sunday,4,45
605,SKU3,2020-11-15,13668,0.67,0,1,1,-7.2,1,0,0,0,Sunday,4,46
606,SKU3,2020-11-22,0,0.83,1,0,0,-5.96,1,0,0,0,Sunday,4,47
607,SKU3,2020-11-29,0,0.73,0,1,0,-5.3,1,0,0,0,Sunday,4,48
608,SKU3,2020-12-06,0,0.74,1,0,0,-4.38,1,0,0,0,Sunday,4,49
609,SKU3,2020-12-13,0,0.74,0,1,0,-4.74,1,0,0,0,Sunday,4,50
610,SKU3,2020-12-20,0,0.75,0,1,0,-10.27,1,0,0,1,Sunday,4,51
611,SKU3,2020-12-27,0,0.74,1,0,1,-6.95,1,0,0,0,Sunday,4,52
612,SKU4,2017-02-05,12835,0.3,0,1,1,0.0,0,0,0,0,Sunday,1,5
613,SKU4,2017-02-12,15705,0.3,1,0,0,0.0,0,1,0,0,Sunday,1,6
614,SKU4,2017-02-19,13382,0.3,1,0,1,0.0,0,0,0,0,Sunday,1,7
615,SKU4,2017-02-26,15709,0.3,0,0,0,0.0,0,0,0,0,Sunday,1,8
616,SKU4,2017-03-05,3729,0.0,0,1,0,0.0,0,0,0,0,Sunday,1,9
617,SKU4,2017-03-12,15061,0.3,1,0,0,0.0,0,0,0,0,Sunday,1,10
618,SKU4,2017-03-19,15759,0.3,1,0,0,0.0,0,0,0,0,Sunday,1,11
619,SKU4,2017-03-26,15479,0.3,1,0,0,0.0,0,0,0,0,Sunday,1,12
620,SKU4,2017-04-02,16003,0.3,0,1,0,0.0,0,0,0,0,Sunday,2,13
621,SKU4,2017-04-09,19455,0.3,1,0,0,0.0,0,0,1,0,Sunday,2,14
622,SKU4,2017-04-16,9445,0.2,0,1,0,0.0,0,0,0,0,Sunday,2,15
623,SKU4,2017-04-23,12697,0.3,1,0,0,0.0,0,0,0,0,Sunday,2,16
624,SKU4,2017-04-30,8735,0.2,0,1,1,0.0,0,0,0,0,Sunday,2,17
625,SKU4,2017-05-07,65464,0.5,1,0,0,0.0,0,0,0,0,Sunday,2,18
626,SKU4,2017-05-14,14559,0.32,0,0,0,0.0,0,0,0,0,Sunday,2,19
627,SKU4,2017-05-21,4400,0.02,1,0,0,0.0,0,0,0,0,Sunday,2,20
628,SKU4,2017-05-28,16004,0.3,1,0,1,0.0,0,0,0,0,Sunday,2,21
629,SKU4,2017-06-04,15932,0.3,0,1,1,0.0,0,0,0,0,Sunday,2,22
630,SKU4,2017-06-11,63256,0.5,1,0,1,0.0,0,0,0,0,Sunday,2,23
631,SKU4,2017-06-18,16824,0.32,0,1,1,0.0,0,0,0,0,Sunday,2,24
632,SKU4,2017-06-25,26316,0.4,1,0,1,0.0,0,0,0,0,Sunday,2,25
633,SKU4,2017-07-02,5426,0.02,0,1,1,0.0,0,0,0,0,Sunday,3,26
634,SKU4,2017-07-09,19411,0.3,1,0,1,0.0,0,0,0,0,Sunday,3,27
635,SKU4,2017-07-16,11807,0.2,1,0,1,0.0,0,0,0,0,Sunday,3,28
636,SKU4,2017-07-23,21089,0.3,1,0,1,0.0,0,0,0,0,Sunday,3,29
637,SKU4,2017-07-30,5487,0.0,1,0,0,0.0,0,0,0,0,Sunday,3,30
638,SKU4,2017-08-06,17564,0.3,1,0,1,0.0,0,0,0,0,Sunday,3,31
639,SKU4,2017-08-13,5497,0.0,1,0,1,0.0,0,0,0,0,Sunday,3,32
640,SKU4,2017-08-20,18434,0.3,0,1,1,0.0,0,0,0,0,Sunday,3,33
641,SKU4,2017-08-27,75377,0.5,1,0,1,0.0,0,0,0,0,Sunday,3,34
642,SKU4,2017-09-03,16756,0.32,1,0,1,0.0,0,0,0,0,Sunday,3,35
643,SKU4,2017-09-10,17340,0.3,1,0,1,0.0,0,0,0,0,Sunday,3,36
644,SKU4,2017-09-17,20945,0.4,0,1,1,0.0,0,0,0,0,Sunday,3,37
645,SKU4,2017-09-24,24469,0.4,1,0,1,0.0,0,0,0,0,Sunday,3,38
646,SKU4,2017-10-01,5640,0.02,1,0,1,0.0,0,0,0,0,Sunday,4,39
647,SKU4,2017-10-08,16773,0.3,1,0,1,0.0,0,0,0,0,Sunday,4,40
648,SKU4,2017-10-15,10420,0.2,0,1,1,0.0,0,0,0,0,Sunday,4,41
649,SKU4,2017-10-22,16777,0.3,1,0,1,0.0,0,0,0,0,Sunday,4,42
650,SKU4,2017-10-29,4725,0.02,0,1,1,0.0,0,0,0,0,Sunday,4,43
651,SKU4,2017-11-05,69467,0.5,1,0,1,0.0,0,0,0,0,Sunday,4,44
652,SKU4,2017-11-12,15498,0.32,1,0,1,0.0,0,0,0,0,Sunday,4,45
653,SKU4,2017-11-19,8994,0.2,1,0,1,0.0,0,0,0,0,Sunday,4,46
654,SKU4,2017-11-26,14023,0.3,0,1,1,0.0,0,0,0,0,Sunday,4,47
655,SKU4,2017-12-03,20914,0.4,1,0,1,0.0,0,0,0,1,Sunday,4,48
656,SKU4,2017-12-10,4248,0.0,1,0,1,0.0,0,0,0,0,Sunday,4,49
657,SKU4,2017-12-17,13159,0.3,1,0,0,0.0,0,0,0,0,Sunday,4,50
658,SKU4,2017-12-24,10487,0.3,1,0,1,0.0,0,0,0,0,Sunday,4,51
659,SKU4,2017-12-31,2960,0.0,1,0,0,0.0,0,0,0,0,Sunday,4,52
660,SKU4,2018-01-07,18647,0.4,1,0,1,0.0,0,0,0,0,Sunday,1,1
661,SKU4,2018-01-14,3583,0.02,0,1,0,0.0,0,0,0,0,Sunday,1,2
662,SKU4,2018-01-21,19773,0.4,1,0,1,0.0,0,0,0,0,Sunday,1,3
663,SKU4,2018-01-28,4057,0.0,1,0,0,0.0,0,0,0,0,Sunday,1,4
664,SKU4,2018-02-04,21229,0.4,1,0,1,0.0,0,0,0,0,Sunday,1,5
665,SKU4,2018-02-11,4306,0.0,0,1,1,0.0,0,1,0,0,Sunday,1,6
666,SKU4,2018-02-18,21451,0.4,1,0,0,0.0,0,0,0,0,Sunday,1,7
667,SKU4,2018-02-25,22091,0.4,1,0,1,0.0,0,0,0,0,Sunday,1,8
668,SKU4,2018-03-04,4422,0.02,0,1,0,0.0,0,0,0,0,Sunday,1,9
669,SKU4,2018-03-11,24597,0.4,1,0,1,0.0,0,0,0,0,Sunday,1,10
670,SKU4,2018-03-18,4604,0.02,0,1,0,0.0,0,0,0,0,Sunday,1,11
671,SKU4,2018-03-25,25200,0.4,1,0,1,0.0,0,0,0,0,Sunday,1,12
672,SKU4,2018-04-01,4140,0.02,1,0,0,0.0,0,0,0,0,Sunday,2,13
673,SKU4,2018-04-08,19161,0.4,1,0,1,0.0,0,0,1,0,Sunday,2,14
674,SKU4,2018-04-15,3754,0.02,1,0,0,0.0,0,0,0,0,Sunday,2,15
675,SKU4,2018-04-22,24056,0.4,1,0,1,0.0,0,0,0,0,Sunday,2,16
676,SKU4,2018-04-29,10289,0.2,0,1,0,0.0,0,0,0,0,Sunday,2,17
677,SKU4,2018-05-06,25115,0.4,1,0,0,0.0,0,0,0,0,Sunday,2,18
678,SKU4,2018-05-13,24208,0.4,1,0,1,0.0,0,0,0,0,Sunday,2,19
679,SKU4,2018-05-20,24612,0.4,1,0,1,0.0,0,0,0,0,Sunday,2,20
680,SKU4,2018-05-27,4970,0.02,1,0,1,0.0,0,0,0,0,Sunday,2,21
681,SKU4,2018-06-03,12454,0.2,0,1,1,0.0,0,0,0,0,Sunday,2,22
682,SKU4,2018-06-10,72261,0.5,1,0,1,0.0,0,0,0,0,Sunday,2,23
683,SKU4,2018-06-17,12202,0.22,1,0,1,0.0,0,0,0,0,Sunday,2,24
684,SKU4,2018-06-24,24918,0.4,1,0,1,0.0,0,0,0,0,Sunday,2,25
685,SKU4,2018-07-01,12293,0.2,0,1,1,0.0,0,0,0,0,Sunday,3,26
686,SKU4,2018-07-08,28282,0.4,1,0,1,0.0,0,0,0,0,Sunday,3,27
687,SKU4,2018-07-15,6117,0.0,0,1,0,0.0,0,0,0,0,Sunday,3,28
688,SKU4,2018-07-22,20461,0.4,1,0,1,0.0,0,0,0,0,Sunday,3,29
689,SKU4,2018-07-29,5392,0.02,1,0,0,0.0,0,0,0,0,Sunday,3,30
690,SKU4,2018-08-05,12400,0.2,1,0,1,0.0,0,0,0,0,Sunday,3,31
691,SKU4,2018-08-12,5043,0.02,0,1,1,0.0,0,0,0,0,Sunday,3,32
692,SKU4,2018-08-19,25732,0.4,1,0,1,0.0,0,0,0,0,Sunday,3,33
693,SKU4,2018-08-26,5086,0.02,1,0,0,0.0,0,0,0,0,Sunday,3,34
694,SKU4,2018-09-02,23667,0.4,1,0,1,0.0,0,0,0,0,Sunday,3,35
695,SKU4,2018-09-09,4753,0.02,1,0,0,0.0,0,0,0,0,Sunday,3,36
696,SKU4,2018-09-16,22977,0.4,1,0,1,0.0,0,0,0,0,Sunday,3,37
697,SKU4,2018-09-23,20826,0.4,0,1,1,0.0,0,0,0,0,Sunday,3,38
698,SKU4,2018-09-30,66114,0.5,1,0,1,0.0,0,0,0,0,Sunday,3,39
699,SKU4,2018-10-07,5293,0.1,0,1,0,0.0,0,0,0,0,Sunday,4,40
700,SKU4,2018-10-14,25266,0.4,1,0,1,0.0,0,0,0,0,Sunday,4,41
701,SKU4,2018-10-21,4596,0.02,0,1,1,0.0,0,0,0,0,Sunday,4,42
702,SKU4,2018-10-28,22940,0.4,1,0,1,0.0,0,0,0,0,Sunday,4,43
703,SKU4,2018-11-04,4039,0.02,0,1,0,0.0,0,0,0,0,Sunday,4,44
704,SKU4,2018-11-11,22262,0.4,1,0,1,0.0,0,0,0,0,Sunday,4,45
705,SKU4,2018-11-18,4081,0.02,0,1,0,0.0,0,0,0,0,Sunday,4,46
706,SKU4,2018-11-25,23852,0.4,1,0,1,0.0,0,0,0,0,Sunday,4,47
707,SKU4,2018-12-02,3719,0.02,1,0,1,0.0,0,0,0,1,Sunday,4,48
708,SKU4,2018-12-09,19795,0.4,1,0,1,0.0,0,0,0,0,Sunday,4,49
709,SKU4,2018-12-16,3759,0.02,1,0,1,0.0,0,0,0,0,Sunday,4,50
710,SKU4,2018-12-23,3332,0.0,1,0,0,0.0,0,0,0,0,Sunday,4,51
711,SKU4,2018-12-30,5042,0.2,0,1,0,0.0,0,0,0,0,Sunday,4,52
712,SKU4,2019-01-06,16712,0.42,1,0,1,0.0,0,0,0,0,Sunday,1,1
713,SKU4,2019-01-13,3133,0.02,0,1,0,0.0,0,0,0,0,Sunday,1,2
714,SKU4,2019-01-20,17667,0.4,1,0,1,0.0,0,0,0,0,Sunday,1,3
715,SKU4,2019-01-27,3308,0.02,0,1,0,0.0,0,0,0,0,Sunday,1,4
716,SKU4,2019-02-03,19564,0.4,1,0,1,0.0,0,0,0,0,Sunday,1,5
717,SKU4,2019-02-10,3789,0.03,1,0,1,0.0,0,1,0,0,Sunday,1,6
718,SKU4,2019-02-17,63842,0.5,1,0,1,0.0,0,0,0,0,Sunday,1,7
719,SKU4,2019-02-24,19642,0.4,0,1,1,0.0,0,0,0,0,Sunday,1,8
720,SKU4,2019-03-03,22114,0.4,1,0,1,0.0,0,0,0,0,Sunday,1,9
721,SKU4,2019-03-10,5266,0.08,0,1,1,0.0,0,0,0,0,Sunday,1,10
722,SKU4,2019-03-17,27690,0.4,1,0,1,0.0,0,0,0,0,Sunday,1,11
723,SKU4,2019-03-24,7666,0.24,0,1,0,0.0,0,0,0,0,Sunday,1,12
724,SKU4,2019-03-31,23530,0.4,1,0,1,0.0,0,0,0,0,Sunday,1,13
725,SKU4,2019-04-07,6276,0.23,0,1,0,0.0,0,0,1,0,Sunday,2,14
726,SKU4,2019-04-14,25614,0.45,1,0,1,0.0,0,0,0,0,Sunday,2,15
727,SKU4,2019-04-21,4240,0.07,0,1,1,0.0,0,0,0,0,Sunday,2,16
728,SKU4,2019-04-28,18035,0.4,1,0,1,0.0,0,0,0,0,Sunday,2,17
729,SKU4,2019-05-05,4415,0.22,0,1,0,0.0,0,0,0,0,Sunday,2,18
730,SKU4,2019-05-12,20849,0.42,1,0,1,0.0,0,0,0,0,Sunday,2,19
731,SKU4,2019-05-19,9098,0.38,0,1,0,0.0,0,0,0,0,Sunday,2,20
732,SKU4,2019-05-26,17578,0.48,1,0,0,0.0,0,0,0,0,Sunday,2,21
733,SKU4,2019-06-02,5012,0.36,0,1,0,0.0,0,0,0,0,Sunday,2,22
734,SKU4,2019-06-09,59637,0.54,1,0,0,0.0,0,0,0,0,Sunday,2,23
735,SKU4,2019-06-16,11764,0.43,0,1,0,0.0,0,0,0,0,Sunday,2,24
736,SKU4,2019-06-23,19576,0.47,1,0,1,0.0,0,0,0,0,Sunday,2,25
737,SKU4,2019-06-30,9155,0.38,1,0,1,0.0,0,0,0,0,Sunday,2,26
738,SKU4,2019-07-07,17401,0.45,1,0,1,0.0,0,0,0,0,Sunday,3,27
739,SKU4,2019-07-14,4844,0.32,0,1,0,0.0,0,0,0,0,Sunday,3,28
740,SKU4,2019-07-21,22481,0.46,1,0,1,0.0,0,0,0,0,Sunday,3,29
741,SKU4,2019-07-28,4825,0.22,0,1,1,0.0,0,0,0,0,Sunday,3,30
742,SKU4,2019-08-04,21721,0.47,1,0,1,0.0,0,0,0,0,Sunday,3,31
743,SKU4,2019-08-11,5374,0.25,0,1,1,0.0,0,0,0,0,Sunday,3,32
744,SKU4,2019-08-18,64115,0.55,1,0,1,0.0,0,0,0,0,Sunday,3,33
745,SKU4,2019-08-25,9409,0.42,0,1,0,0.0,0,0,0,0,Sunday,3,34
746,SKU4,2019-09-01,19481,0.48,1,0,1,0.0,0,0,0,0,Sunday,3,35
747,SKU4,2019-09-08,4385,0.34,1,0,0,0.0,0,0,0,0,Sunday,3,36
748,SKU4,2019-09-15,17385,0.38,1,0,1,0.0,0,0,0,0,Sunday,3,37
749,SKU4,2019-09-22,5100,0.34,0,1,1,0.0,0,0,0,0,Sunday,3,38
750,SKU4,2019-09-29,56430,0.49,1,0,1,0.0,0,0,0,0,Sunday,3,39
751,SKU4,2019-10-06,9544,0.42,0,1,1,0.0,0,0,0,0,Sunday,4,40
752,SKU4,2019-10-13,21822,0.37,1,0,1,0.0,0,0,0,0,Sunday,4,41
753,SKU4,2019-10-20,4550,0.2,0,1,0,0.0,0,0,0,0,Sunday,4,42
754,SKU4,2019-10-27,21013,0.53,1,0,1,0.0,0,0,0,0,Sunday,4,43
755,SKU4,2019-11-03,4254,0.34,0,1,1,0.0,0,0,0,0,Sunday,4,44
756,SKU4,2019-11-10,54996,0.43,1,0,1,0.0,0,0,0,0,Sunday,4,45
757,SKU4,2019-11-17,8645,0.24,0,1,0,0.0,0,0,0,0,Sunday,4,46
758,SKU4,2019-11-24,19749,0.22,1,0,1,0.0,0,0,0,0,Sunday,4,47
759,SKU4,2019-12-01,4056,0.08,0,1,1,0.0,0,0,0,1,Sunday,4,48
760,SKU4,2019-12-08,20011,0.32,1,0,1,0.0,0,0,0,0,Sunday,4,49
761,SKU4,2019-12-15,8178,0.12,1,0,1,0.0,0,0,0,0,Sunday,4,50
762,SKU4,2019-12-22,9285,0.2,1,0,0,0.0,0,0,0,0,Sunday,4,51
763,SKU4,2019-12-29,5153,0.2,0,1,0,0.0,0,0,0,0,Sunday,4,52
764,SKU4,2020-01-05,16152,0.22,1,0,1,0.0,0,0,0,0,Sunday,1,1
765,SKU4,2020-01-12,3792,0.05,0,1,0,0.0,0,0,0,0,Sunday,1,2
766,SKU4,2020-01-19,19561,0.7,1,0,1,0.0,0,0,0,0,Sunday,1,3
767,SKU4,2020-01-26,3721,0.51,0,1,1,0.0,0,0,0,0,Sunday,1,4
768,SKU4,2020-02-02,18078,0.37,1,0,1,0.0,0,0,0,0,Sunday,1,5
769,SKU4,2020-02-09,4218,0.51,0,1,1,2.36,1,0,0,0,Sunday,1,6
770,SKU4,2020-02-16,58091,0.27,1,0,1,3.3,1,1,0,0,Sunday,1,7
771,SKU4,2020-02-23,8486,0.62,0,1,0,3.9,1,0,0,0,Sunday,1,8
772,SKU4,2020-03-01,21180,0.51,1,0,1,3.81,1,0,0,0,Sunday,1,9
773,SKU4,2020-03-08,4306,0.51,0,1,0,3.01,1,0,0,0,Sunday,1,10
774,SKU4,2020-03-15,32133,0.7,1,0,1,0.26,1,0,0,0,Sunday,1,11
775,SKU4,2020-03-22,6538,0.51,0,0,0,-15.7,1,0,0,0,Sunday,1,12
776,SKU4,2020-03-29,9592,0.5,1,0,1,-26.63,1,0,0,0,Sunday,1,13
777,SKU4,2020-04-05,8224,0.5,0,1,0,-28.49,1,0,0,0,Sunday,2,14
778,SKU4,2020-04-12,26823,0.7,1,0,0,-27.3,1,0,1,0,Sunday,2,15
779,SKU4,2020-04-19,5342,0.52,0,1,1,-24.28,1,0,0,0,Sunday,2,16
780,SKU4,2020-04-26,20558,0.65,1,0,0,-22.58,1,0,0,0,Sunday,2,17
781,SKU4,2020-05-03,6665,0.51,0,0,0,-18.18,1,0,0,0,Sunday,2,18
782,SKU4,2020-05-10,26698,0.7,0,0,0,-15.91,1,0,0,0,Sunday,2,19
783,SKU4,2020-05-17,6215,0.52,0,0,0,-15.27,1,0,0,0,Sunday,2,20
784,SKU4,2020-05-24,23484,0.7,0,0,0,-13.24,1,0,0,0,Sunday,2,21
785,SKU4,2020-05-31,6262,0.51,1,0,1,-10.86,1,0,0,0,Sunday,2,22
786,SKU4,2020-06-07,27221,0.7,1,0,1,-10.13,1,0,0,0,Sunday,2,23
787,SKU4,2020-06-14,6878,0.51,1,0,1,-8.68,1,0,0,0,Sunday,2,24
788,SKU4,2020-06-21,29993,0.7,1,0,1,-8.57,1,0,0,0,Sunday,2,25
789,SKU4,2020-06-28,7661,0.51,1,0,0,-7.5,1,0,0,0,Sunday,2,26
790,SKU4,2020-07-05,24787,0.66,1,0,1,-8.04,1,0,0,0,Sunday,3,27
791,SKU4,2020-07-12,7403,0.51,0,1,1,-9.36,1,0,0,0,Sunday,3,28
792,SKU4,2020-07-19,76346,0.75,1,0,0,-8.77,1,0,0,0,Sunday,3,29
793,SKU4,2020-07-26,13391,0.58,1,0,0,-9.93,1,0,0,0,Sunday,3,30
794,SKU4,2020-08-02,25496,0.65,1,0,0,-11.65,1,0,0,0,Sunday,3,31
795,SKU4,2020-08-09,8126,0.51,1,0,1,-13.23,1,0,0,0,Sunday,3,32
796,SKU4,2020-08-16,81301,0.75,1,0,1,-20.35,1,0,0,0,Sunday,3,33
797,SKU4,2020-08-23,21752,0.66,1,0,1,-19.41,1,0,0,0,Sunday,3,34
798,SKU4,2020-08-30,21743,0.65,1,0,1,-18.83,1,0,0,0,Sunday,3,35
799,SKU4,2020-09-06,7557,0.51,0,1,0,-16.44,1,0,0,0,Sunday,3,36
800,SKU4,2020-09-13,23086,0.65,1,0,1,-7.28,1,0,0,0,Sunday,3,37
801,SKU4,2020-09-20,6972,0.51,1,0,1,-9.87,1,0,0,0,Sunday,3,38
802,SKU4,2020-09-27,24960,0.65,1,0,1,-7.79,1,0,0,0,Sunday,3,39
803,SKU4,2020-10-04,22119,0.65,0,1,1,-9.73,1,0,0,0,Sunday,4,40
804,SKU4,2020-10-11,24923,0.65,1,0,1,-7.39,1,0,0,0,Sunday,4,41
805,SKU4,2020-10-18,6619,0.51,0,1,0,-7.56,1,0,0,0,Sunday,4,42
806,SKU4,2020-10-25,22889,0.65,1,0,1,-8.39,1,0,0,0,Sunday,4,43
807,SKU4,2020-11-01,5353,0.51,1,0,1,-7.43,1,0,0,0,Sunday,4,44
808,SKU4,2020-11-08,21558,0.65,1,0,0,-5.95,1,0,0,0,Sunday,4,45
809,SKU4,2020-11-15,5924,0.51,0,1,1,-7.2,1,0,0,0,Sunday,4,46
810,SKU4,2020-11-22,0,0.75,1,0,0,-5.96,1,0,0,0,Sunday,4,47
811,SKU4,2020-11-29,0,0.6,0,1,0,-5.3,1,0,0,0,Sunday,4,48
812,SKU4,2020-12-06,0,0.61,1,0,0,-4.38,1,0,0,0,Sunday,4,49
813,SKU4,2020-12-13,0,0.6,0,1,0,-4.74,1,0,0,0,Sunday,4,50
814,SKU4,2020-12-20,0,0.62,0,1,0,-10.27,1,0,0,1,Sunday,4,51
815,SKU4,2020-12-27,0,0.62,1,0,1,-6.95,1,0,0,0,Sunday,4,52
816,SKU5,2017-02-05,5229,0.0,0,0,0,0.0,0,0,0,0,Sunday,1,5
817,SKU5,2017-02-12,5748,0.0,1,0,0,0.0,0,1,0,0,Sunday,1,6
818,SKU5,2017-02-19,20536,0.38,0,0,0,0.0,0,0,0,0,Sunday,1,7
819,SKU5,2017-02-26,5928,0.0,1,0,0,0.0,0,0,0,0,Sunday,1,8
820,SKU5,2017-03-05,21787,0.38,0,0,0,0.0,0,0,0,0,Sunday,1,9
821,SKU5,2017-03-12,5952,0.0,0,0,0,0.0,0,0,0,0,Sunday,1,10
822,SKU5,2017-03-19,5994,0.0,1,0,0,0.0,0,0,0,0,Sunday,1,11
823,SKU5,2017-03-26,15317,0.25,0,0,0,0.0,0,0,0,0,Sunday,1,12
824,SKU5,2017-04-02,6194,0.0,0,0,0,0.0,0,0,0,0,Sunday,2,13
825,SKU5,2017-04-09,6467,0.0,0,0,0,0.0,0,0,1,0,Sunday,2,14
826,SKU5,2017-04-16,5740,0.0,0,1,1,0.0,0,0,0,0,Sunday,2,15
827,SKU5,2017-04-23,42344,0.5,1,0,0,0.0,0,0,0,0,Sunday,2,16
828,SKU5,2017-04-30,14974,0.25,0,0,0,0.0,0,0,0,0,Sunday,2,17
829,SKU5,2017-05-07,6174,0.0,0,1,1,0.0,0,0,0,0,Sunday,2,18
830,SKU5,2017-05-14,45348,0.5,1,0,0,0.0,0,0,0,0,Sunday,2,19
831,SKU5,2017-05-21,16178,0.25,0,0,0,0.0,0,0,0,0,Sunday,2,20
832,SKU5,2017-05-28,6856,0.0,0,0,0,0.0,0,0,0,0,Sunday,2,21
833,SKU5,2017-06-04,6716,0.0,1,0,0,0.0,0,0,0,0,Sunday,2,22
834,SKU5,2017-06-11,22959,0.38,0,0,0,0.0,0,0,0,0,Sunday,2,23
835,SKU5,2017-06-18,6927,0.0,0,1,0,0.0,0,0,0,0,Sunday,2,24
836,SKU5,2017-06-25,25870,0.38,0,0,0,0.0,0,0,0,0,Sunday,2,25
837,SKU5,2017-07-02,7285,0.0,0,1,1,0.0,0,0,0,0,Sunday,3,26
838,SKU5,2017-07-09,55905,0.5,1,0,0,0.0,0,0,0,0,Sunday,3,27
839,SKU5,2017-07-16,17012,0.25,0,0,0,0.0,0,0,0,0,Sunday,3,28
840,SKU5,2017-07-23,7485,0.0,0,0,0,0.0,0,0,0,0,Sunday,3,29
841,SKU5,2017-07-30,7519,0.0,0,1,0,0.0,0,0,0,0,Sunday,3,30
842,SKU5,2017-08-06,25361,0.38,0,0,0,0.0,0,0,0,0,Sunday,3,31
843,SKU5,2017-08-13,7462,0.0,0,1,1,0.0,0,0,0,0,Sunday,3,32
844,SKU5,2017-08-20,73114,0.5,1,0,0,0.0,0,0,0,0,Sunday,3,33
845,SKU5,2017-08-27,16280,0.25,0,0,0,0.0,0,0,0,0,Sunday,3,34
846,SKU5,2017-09-03,7209,0.0,1,0,0,0.0,0,0,0,0,Sunday,3,35
847,SKU5,2017-09-10,23030,0.38,0,0,0,0.0,0,0,0,0,Sunday,3,36
848,SKU5,2017-09-17,7000,0.03,0,1,1,0.0,0,0,0,0,Sunday,3,37
849,SKU5,2017-09-24,55567,0.5,1,0,0,0.0,0,0,0,0,Sunday,3,38
850,SKU5,2017-10-01,17914,0.25,0,0,0,0.0,0,0,0,0,Sunday,4,39
851,SKU5,2017-10-08,6830,0.0,0,1,0,0.0,0,0,0,0,Sunday,4,40
852,SKU5,2017-10-15,25641,0.38,1,0,0,0.0,0,0,0,0,Sunday,4,41
853,SKU5,2017-10-22,15565,0.25,0,1,0,0.0,0,0,0,0,Sunday,4,42
854,SKU5,2017-10-29,24714,0.38,0,0,0,0.0,0,0,0,0,Sunday,4,43
855,SKU5,2017-11-05,6935,0.0,0,1,1,0.0,0,0,0,0,Sunday,4,44
856,SKU5,2017-11-12,50485,0.5,1,0,0,0.0,0,0,0,0,Sunday,4,45
857,SKU5,2017-11-19,13982,0.25,0,0,0,0.0,0,0,0,0,Sunday,4,46
858,SKU5,2017-11-26,11140,0.25,1,0,0,0.0,0,0,0,0,Sunday,4,47
859,SKU5,2017-12-03,12363,0.25,0,1,0,0.0,0,0,0,1,Sunday,4,48
860,SKU5,2017-12-10,17940,0.38,1,0,0,0.0,0,0,0,0,Sunday,4,49
861,SKU5,2017-12-17,11647,0.25,1,0,0,0.0,0,0,0,0,Sunday,4,50
862,SKU5,2017-12-24,12059,0.25,0,0,0,0.0,0,0,0,0,Sunday,4,51
863,SKU5,2017-12-31,4298,0.0,1,0,1,0.0,0,0,0,0,Sunday,4,52
864,SKU5,2018-01-07,14637,0.25,0,0,0,0.0,0,0,0,0,Sunday,1,1
865,SKU5,2018-01-14,5294,0.0,0,1,0,0.0,0,0,0,0,Sunday,1,2
866,SKU5,2018-01-21,51114,0.5,1,0,0,0.0,0,0,0,0,Sunday,1,3
867,SKU5,2018-01-28,11520,0.25,0,0,0,0.0,0,0,0,0,Sunday,1,4
868,SKU5,2018-02-04,5389,0.0,0,1,0,0.0,0,0,0,0,Sunday,1,5
869,SKU5,2018-02-11,20916,0.43,0,0,0,0.0,0,1,0,0,Sunday,1,6
870,SKU5,2018-02-18,4965,0.0,0,0,0,0.0,0,0,0,0,Sunday,1,7
871,SKU5,2018-02-25,5256,0.0,1,0,0,0.0,0,0,0,0,Sunday,1,8
872,SKU5,2018-03-04,18282,0.38,0,0,0,0.0,0,0,0,0,Sunday,1,9
873,SKU5,2018-03-11,5285,0.03,0,0,0,0.0,0,0,0,0,Sunday,1,10
874,SKU5,2018-03-18,4832,0.0,1,0,0,0.0,0,0,0,0,Sunday,1,11
875,SKU5,2018-03-25,12206,0.25,0,0,0,0.0,0,0,0,0,Sunday,1,12
876,SKU5,2018-04-01,4562,0.0,0,0,0,0.0,0,0,0,0,Sunday,2,13
877,SKU5,2018-04-08,4226,0.0,0,0,0,0.0,0,0,1,0,Sunday,2,14
878,SKU5,2018-04-15,4993,0.0,0,0,0,0.0,0,0,0,0,Sunday,2,15
879,SKU5,2018-04-22,6608,0.0,0,1,1,0.0,0,0,0,0,Sunday,2,16
880,SKU5,2018-04-29,42963,0.5,1,0,0,0.0,0,0,0,0,Sunday,2,17
881,SKU5,2018-05-06,13215,0.25,1,0,0,0.0,0,0,0,0,Sunday,2,18
882,SKU5,2018-05-13,6442,0.0,1,0,0,0.0,0,0,0,0,Sunday,2,19
883,SKU5,2018-05-20,17038,0.25,0,0,0,0.0,0,0,0,0,Sunday,2,20
884,SKU5,2018-05-27,6759,0.0,0,1,1,0.0,0,0,0,0,Sunday,2,21
885,SKU5,2018-06-03,55160,0.5,1,0,0,0.0,0,0,0,0,Sunday,2,22
886,SKU5,2018-06-10,14319,0.28,0,0,0,0.0,0,0,0,0,Sunday,2,23
887,SKU5,2018-06-17,6693,0.0,0,0,0,0.0,0,0,0,0,Sunday,2,24
888,SKU5,2018-06-24,6789,0.0,0,1,1,0.0,0,0,0,0,Sunday,2,25
889,SKU5,2018-07-01,56275,0.5,0,1,0,0.0,0,0,0,0,Sunday,3,26
890,SKU5,2018-07-08,43611,0.5,1,0,0,0.0,0,0,0,0,Sunday,3,27
891,SKU5,2018-07-15,21242,0.38,1,0,0,0.0,0,0,0,0,Sunday,3,28
892,SKU5,2018-07-22,15810,0.25,1,0,0,0.0,0,0,0,0,Sunday,3,29
893,SKU5,2018-07-29,22544,0.38,1,0,0,0.0,0,0,0,0,Sunday,3,30
894,SKU5,2018-08-05,14761,0.25,0,0,0,0.0,0,0,0,0,Sunday,3,31
895,SKU5,2018-08-12,6716,0.0,0,0,0,0.0,0,0,0,0,Sunday,3,32
896,SKU5,2018-08-19,7212,0.0,0,1,1,0.0,0,0,0,0,Sunday,3,33
897,SKU5,2018-08-26,46909,0.5,1,0,0,0.0,0,0,0,0,Sunday,3,34
898,SKU5,2018-09-02,15599,0.25,0,1,1,0.0,0,0,0,0,Sunday,3,35
899,SKU5,2018-09-09,45838,0.5,1,0,0,0.0,0,0,0,0,Sunday,3,36
900,SKU5,2018-09-16,14169,0.25,1,0,0,0.0,0,0,0,0,Sunday,3,37
901,SKU5,2018-09-23,21634,0.38,0,0,0,0.0,0,0,0,0,Sunday,3,38
902,SKU5,2018-09-30,6973,0.0,0,1,0,0.0,0,0,0,0,Sunday,3,39
903,SKU5,2018-10-07,40051,0.5,1,0,0,0.0,0,0,0,0,Sunday,4,40
904,SKU5,2018-10-14,18984,0.38,1,0,0,0.0,0,0,0,0,Sunday,4,41
905,SKU5,2018-10-21,24517,0.38,1,0,0,0.0,0,0,0,0,Sunday,4,42
906,SKU5,2018-10-28,15187,0.38,0,0,0,0.0,0,0,0,0,Sunday,4,43
907,SKU5,2018-11-04,7449,0.13,1,0,0,0.0,0,0,0,0,Sunday,4,44
908,SKU5,2018-11-11,18669,0.38,0,0,0,0.0,0,0,0,0,Sunday,4,45
909,SKU5,2018-11-18,5863,0.0,1,0,0,0.0,0,0,0,0,Sunday,4,46
910,SKU5,2018-11-25,13225,0.25,0,0,0,0.0,0,0,0,0,Sunday,4,47
911,SKU5,2018-12-02,6095,0.0,0,1,0,0.0,0,0,0,1,Sunday,4,48
912,SKU5,2018-12-09,23690,0.38,1,0,0,0.0,0,0,0,0,Sunday,4,49
913,SKU5,2018-12-16,14226,0.25,1,0,0,0.0,0,0,0,0,Sunday,4,50
914,SKU5,2018-12-23,14616,0.25,1,0,0,0.0,0,0,0,0,Sunday,4,51
915,SKU5,2018-12-30,7890,0.25,0,0,0,0.0,0,0,0,0,Sunday,4,52
916,SKU5,2019-01-06,4889,0.0,0,0,0,0.0,0,0,0,0,Sunday,1,1
917,SKU5,2019-01-13,4934,0.0,1,0,0,0.0,0,0,0,0,Sunday,1,2
918,SKU5,2019-01-20,5241,0.0,1,0,0,0.0,0,0,0,0,Sunday,1,3
919,SKU5,2019-01-27,12323,0.25,0,0,0,0.0,0,0,0,0,Sunday,1,4
920,SKU5,2019-02-03,5251,0.03,1,0,0,0.0,0,0,0,0,Sunday,1,5
921,SKU5,2019-02-10,13048,0.25,0,0,0,0.0,0,1,0,0,Sunday,1,6
922,SKU5,2019-02-17,5421,0.03,1,0,1,0.0,0,0,0,0,Sunday,1,7
923,SKU5,2019-02-24,16020,0.38,0,0,0,0.0,0,0,0,0,Sunday,1,8
924,SKU5,2019-03-03,4829,0.0,1,0,0,0.0,0,0,0,0,Sunday,1,9
925,SKU5,2019-03-10,17449,0.38,0,0,0,0.0,0,0,0,0,Sunday,1,10
926,SKU5,2019-03-17,5738,0.0,1,0,0,0.0,0,0,0,0,Sunday,1,11
927,SKU5,2019-03-24,17134,0.38,0,0,0,0.0,0,0,0,0,Sunday,1,12
928,SKU5,2019-03-31,5365,0.0,0,0,0,0.0,0,0,0,0,Sunday,1,13
929,SKU5,2019-04-07,5523,0.0,1,0,0,0.0,0,0,1,0,Sunday,2,14
930,SKU5,2019-04-14,19294,0.38,0,0,0,0.0,0,0,0,0,Sunday,2,15
931,SKU5,2019-04-21,5007,0.03,1,0,0,0.0,0,0,0,0,Sunday,2,16
932,SKU5,2019-04-28,15324,0.38,0,0,0,0.0,0,0,0,0,Sunday,2,17
933,SKU5,2019-05-05,5504,0.03,0,1,0,0.0,0,0,0,0,Sunday,2,18
934,SKU5,2019-05-12,47061,0.5,1,0,0,0.0,0,0,0,0,Sunday,2,19
935,SKU5,2019-05-19,14292,0.25,0,0,0,0.0,0,0,0,0,Sunday,2,20
936,SKU5,2019-05-26,5687,0.0,1,0,0,0.0,0,0,0,0,Sunday,2,21
937,SKU5,2019-06-02,17663,0.38,0,1,1,0.0,0,0,0,0,Sunday,2,22
938,SKU5,2019-06-09,57064,0.5,1,0,1,0.0,0,0,0,0,Sunday,2,23
939,SKU5,2019-06-16,17809,0.38,0,0,0,0.0,0,0,0,0,Sunday,2,24
940,SKU5,2019-06-23,6203,0.03,0,1,0,0.0,0,0,0,0,Sunday,2,25
941,SKU5,2019-06-30,61658,0.5,0,1,0,0.0,0,0,0,0,Sunday,2,26
942,SKU5,2019-07-07,39035,0.5,1,0,0,0.0,0,0,0,0,Sunday,3,27
943,SKU5,2019-07-14,18790,0.38,0,0,0,0.0,0,0,0,0,Sunday,3,28
944,SKU5,2019-07-21,6622,0.0,1,0,0,0.0,0,0,0,0,Sunday,3,29
945,SKU5,2019-07-28,18827,0.38,1,0,0,0.0,0,0,0,0,Sunday,3,30
946,SKU5,2019-08-04,14597,0.25,0,1,1,0.0,0,0,0,0,Sunday,3,31
947,SKU5,2019-08-11,63644,0.5,1,0,0,0.0,0,0,0,0,Sunday,3,32
948,SKU5,2019-08-18,14461,0.25,0,0,0,0.0,0,0,0,0,Sunday,3,33
949,SKU5,2019-08-25,6393,0.0,0,0,0,0.0,0,0,0,0,Sunday,3,34
950,SKU5,2019-09-01,6739,0.0,0,0,0,0.0,0,0,0,0,Sunday,3,35
951,SKU5,2019-09-08,6009,0.0,0,1,0,0.0,0,0,0,0,Sunday,3,36
952,SKU5,2019-09-15,56807,0.5,1,0,0,0.0,0,0,0,0,Sunday,3,37
953,SKU5,2019-09-22,24271,0.38,1,0,0,0.0,0,0,0,0,Sunday,3,38
954,SKU5,2019-09-29,18570,0.38,0,0,0,0.0,0,0,0,0,Sunday,3,39
955,SKU5,2019-10-06,7913,0.0,0,1,1,0.0,0,0,0,0,Sunday,4,40
956,SKU5,2019-10-13,57496,0.5,0,0,0,0.0,0,0,0,0,Sunday,4,41
957,SKU5,2019-10-20,9007,0.05,1,0,0,0.0,0,0,0,0,Sunday,4,42
958,SKU5,2019-10-27,17524,0.38,0,1,1,0.0,0,0,0,0,Sunday,4,43
959,SKU5,2019-11-03,20191,0.38,1,0,0,0.0,0,0,0,0,Sunday,4,44
960,SKU5,2019-11-10,12292,0.25,0,0,0,0.0,0,0,0,0,Sunday,4,45
961,SKU5,2019-11-17,6453,0.0,1,0,0,0.0,0,0,0,0,Sunday,4,46
962,SKU5,2019-11-24,13577,0.25,0,0,0,0.0,0,0,0,0,Sunday,4,47
963,SKU5,2019-12-01,6516,0.0,1,0,0,0.0,0,0,0,1,Sunday,4,48
964,SKU5,2019-12-08,13941,0.25,0,0,0,0.0,0,0,0,0,Sunday,4,49
965,SKU5,2019-12-15,6751,0.0,1,0,0,0.0,0,0,0,0,Sunday,4,50
966,SKU5,2019-12-22,17296,0.25,1,0,0,0.0,0,0,0,0,Sunday,4,51
967,SKU5,2019-12-29,8011,0.25,1,0,0,0.0,0,0,0,0,Sunday,4,52
968,SKU5,2020-01-05,5482,0.05,0,0,0,0.0,0,0,0,0,Sunday,1,1
969,SKU5,2020-01-12,5396,0.0,0,0,0,0.0,0,0,0,0,Sunday,1,2
970,SKU5,2020-01-19,5579,0.0,0,0,0,0.0,0,0,0,0,Sunday,1,3
971,SKU5,2020-01-26,6020,0.0,1,0,1,0.0,0,0,0,0,Sunday,1,4
972,SKU5,2020-02-02,11446,0.25,1,0,0,0.0,0,0,0,0,Sunday,1,5
973,SKU5,2020-02-09,13686,0.25,0,0,0,2.36,1,0,0,0,Sunday,1,6
974,SKU5,2020-02-16,5999,0.01,0,0,0,3.3,1,1,0,0,Sunday,1,7
975,SKU5,2020-02-23,5666,0.0,0,0,0,3.9,1,0,0,0,Sunday,1,8
976,SKU5,2020-03-01,5719,0.01,0,0,0,3.81,1,0,0,0,Sunday,1,9
977,SKU5,2020-03-08,6201,0.0,0,0,0,3.01,1,0,0,0,Sunday,1,10
978,SKU5,2020-03-15,6808,0.01,1,0,0,0.26,1,0,0,0,Sunday,1,11
979,SKU5,2020-03-22,9327,0.25,0,0,0,-15.7,1,0,0,0,Sunday,1,12
980,SKU5,2020-03-29,8379,0.01,1,0,0,-26.63,1,0,0,0,Sunday,1,13
981,SKU5,2020-04-05,16928,0.25,0,1,0,-28.49,1,0,0,0,Sunday,2,14
982,SKU5,2020-04-12,21732,0.38,0,0,0,-27.3,1,0,1,0,Sunday,2,15
983,SKU5,2020-04-19,7098,0.03,0,0,0,-24.28,1,0,0,0,Sunday,2,16
984,SKU5,2020-04-26,6955,0.01,1,0,1,-22.58,1,0,0,0,Sunday,2,17
985,SKU5,2020-05-03,20491,0.38,0,0,0,-18.18,1,0,0,0,Sunday,2,18
986,SKU5,2020-05-10,8974,0.02,0,0,0,-15.91,1,0,0,0,Sunday,2,19
987,SKU5,2020-05-17,61753,0.5,0,0,0,-15.27,1,0,0,0,Sunday,2,20
988,SKU5,2020-05-24,14153,0.27,0,0,0,-13.24,1,0,0,0,Sunday,2,21
989,SKU5,2020-05-31,14048,0.26,0,0,0,-10.86,1,0,0,0,Sunday,2,22
990,SKU5,2020-06-07,7903,0.01,1,0,0,-10.13,1,0,0,0,Sunday,2,23
991,SKU5,2020-06-14,12949,0.26,0,0,0,-8.68,1,0,0,0,Sunday,2,24
992,SKU5,2020-06-21,7074,0.01,1,0,0,-8.57,1,0,0,0,Sunday,2,25
993,SKU5,2020-06-28,15787,0.26,1,0,0,-7.5,1,0,0,0,Sunday,2,26
994,SKU5,2020-07-05,15044,0.26,0,0,0,-8.04,1,0,0,0,Sunday,3,27
995,SKU5,2020-07-12,8282,0.01,0,1,0,-9.36,1,0,0,0,Sunday,3,28
996,SKU5,2020-07-19,73058,0.51,1,0,0,-8.77,1,0,0,0,Sunday,3,29
997,SKU5,2020-07-26,19258,0.38,1,0,0,-9.93,1,0,0,0,Sunday,3,30
998,SKU5,2020-08-02,34540,0.5,0,1,0,-11.65,1,0,0,0,Sunday,3,31
999,SKU5,2020-08-09,43900,0.51,0,0,0,-13.23,1,0,0,0,Sunday,3,32
1000,SKU5,2020-08-16,8048,0.05,0,1,1,-20.35,1,0,0,0,Sunday,3,33
1001,SKU5,2020-08-23,40956,0.5,0,0,0,-19.41,1,0,0,0,Sunday,3,34
1002,SKU5,2020-08-30,7271,0.04,1,0,0,-18.83,1,0,0,0,Sunday,3,35
1003,SKU5,2020-09-06,20715,0.38,0,0,0,-16.44,1,0,0,0,Sunday,3,36
1004,SKU5,2020-09-13,6975,0.02,0,0,0,-7.28,1,0,0,0,Sunday,3,37
1005,SKU5,2020-09-20,7231,0.01,0,0,0,-9.87,1,0,0,0,Sunday,3,38
1006,SKU5,2020-09-27,7236,0.01,0,0,0,-7.79,1,0,0,0,Sunday,3,39
1007,SKU5,2020-10-04,7525,0.01,0,1,0,-9.73,1,0,0,0,Sunday,4,40
1008,SKU5,2020-10-11,36651,0.5,1,0,1,-7.39,1,0,0,0,Sunday,4,41
1009,SKU5,2020-10-18,19436,0.38,1,0,0,-7.56,1,0,0,0,Sunday,4,42
1010,SKU5,2020-10-25,19392,0.38,0,1,0,-8.39,1,0,0,0,Sunday,4,43
1011,SKU5,2020-11-01,32410,0.5,0,0,0,-7.43,1,0,0,0,Sunday,4,44
1012,SKU5,2020-11-08,6887,0.05,0,0,0,-5.95,1,0,0,0,Sunday,4,45
1013,SKU5,2020-11-15,6059,0.01,1,0,0,-7.2,1,0,0,0,Sunday,4,46
1014,SKU5,2020-11-22,0,0.38,1,0,0,-5.96,1,0,0,0,Sunday,4,47
1015,SKU5,2020-11-29,0,0.28,0,0,0,-5.3,1,0,0,0,Sunday,4,48
1016,SKU5,2020-12-06,0,0.27,1,0,0,-4.38,1,0,0,0,Sunday,4,49
1017,SKU5,2020-12-13,0,0.25,1,0,0,-4.74,1,0,0,0,Sunday,4,50
1018,SKU5,2020-12-20,0,0.21,1,0,0,-10.27,1,0,0,1,Sunday,4,51
1019,SKU5,2020-12-27,0,0.23,0,0,0,-6.95,1,0,0,0,Sunday,4,52
1020,SKU6,2017-02-05,32138,0.28,0,0,0,0.0,0,0,0,0,Sunday,1,5
1021,SKU6,2017-02-12,11659,0.05,0,0,0,0.0,0,1,0,0,Sunday,1,6
1022,SKU6,2017-02-19,12140,0.05,1,0,1,0.0,0,0,0,0,Sunday,1,7
1023,SKU6,2017-02-26,29635,0.28,0,0,0,0.0,0,0,0,0,Sunday,1,8
1024,SKU6,2017-03-05,11666,0.05,0,1,1,0.0,0,0,0,0,Sunday,1,9
1025,SKU6,2017-03-12,118504,0.53,1,0,1,0.0,0,0,0,0,Sunday,1,10
1026,SKU6,2017-03-19,32530,0.3,1,0,1,0.0,0,0,0,0,Sunday,1,11
1027,SKU6,2017-03-26,28821,0.28,0,0,0,0.0,0,0,0,0,Sunday,1,12
1028,SKU6,2017-04-02,11595,0.05,0,1,0,0.0,0,0,0,0,Sunday,2,13
1029,SKU6,2017-04-09,29675,0.28,0,0,0,0.0,0,0,1,0,Sunday,2,14
1030,SKU6,2017-04-16,9508,0.05,0,1,0,0.0,0,0,0,0,Sunday,2,15
1031,SKU6,2017-04-23,21203,0.28,0,1,1,0.0,0,0,0,0,Sunday,2,16
1032,SKU6,2017-04-30,27228,0.28,1,0,0,0.0,0,0,0,0,Sunday,2,17
1033,SKU6,2017-05-07,28788,0.28,1,0,1,0.0,0,0,0,0,Sunday,2,18
1034,SKU6,2017-05-14,29511,0.28,0,1,0,0.0,0,0,0,0,Sunday,2,19
1035,SKU6,2017-05-21,32898,0.28,1,0,1,0.0,0,0,0,0,Sunday,2,20
1036,SKU6,2017-05-28,28847,0.28,0,1,1,0.0,0,0,0,0,Sunday,2,21
1037,SKU6,2017-06-04,142953,0.53,1,0,1,0.0,0,0,0,0,Sunday,2,22
1038,SKU6,2017-06-11,27682,0.3,0,0,0,0.0,0,0,0,0,Sunday,2,23
1039,SKU6,2017-06-18,12779,0.05,1,0,1,0.0,0,0,0,0,Sunday,2,24
1040,SKU6,2017-06-25,31805,0.28,0,1,1,0.0,0,0,0,0,Sunday,2,25
1041,SKU6,2017-07-02,131072,0.53,1,0,1,0.0,0,0,0,0,Sunday,3,26
1042,SKU6,2017-07-09,29081,0.28,0,1,1,0.0,0,0,0,0,Sunday,3,27
1043,SKU6,2017-07-16,37630,0.28,1,0,1,0.0,0,0,0,0,Sunday,3,28
1044,SKU6,2017-07-23,30212,0.28,1,0,1,0.0,0,0,0,0,Sunday,3,29
1045,SKU6,2017-07-30,33159,0.28,0,1,1,0.0,0,0,0,0,Sunday,3,30
1046,SKU6,2017-08-06,118276,0.53,1,0,1,0.0,0,0,0,0,Sunday,3,31
1047,SKU6,2017-08-13,33809,0.28,0,1,1,0.0,0,0,0,0,Sunday,3,32
1048,SKU6,2017-08-20,47551,0.38,1,0,1,0.0,0,0,0,0,Sunday,3,33
1049,SKU6,2017-08-27,33724,0.28,0,0,0,0.0,0,0,0,0,Sunday,3,34
1050,SKU6,2017-09-03,15134,0.05,0,0,0,0.0,0,0,0,0,Sunday,3,35
1051,SKU6,2017-09-10,14540,0.05,1,0,0,0.0,0,0,0,0,Sunday,3,36
1052,SKU6,2017-09-17,36254,0.28,0,1,1,0.0,0,0,0,0,Sunday,3,37
1053,SKU6,2017-09-24,129254,0.53,0,0,0,0.0,0,0,0,0,Sunday,3,38
1054,SKU6,2017-10-01,14692,0.09,1,0,0,0.0,0,0,0,0,Sunday,4,39
1055,SKU6,2017-10-08,44595,0.38,1,0,0,0.0,0,0,0,0,Sunday,4,40
1056,SKU6,2017-10-15,42541,0.28,0,1,1,0.0,0,0,0,0,Sunday,4,41
1057,SKU6,2017-10-22,154098,0.53,0,1,1,0.0,0,0,0,0,Sunday,4,42
1058,SKU6,2017-10-29,241114,0.53,1,0,0,0.0,0,0,0,0,Sunday,4,43
1059,SKU6,2017-11-05,34976,0.28,1,0,1,0.0,0,0,0,0,Sunday,4,44
1060,SKU6,2017-11-12,42047,0.38,1,0,1,0.0,0,0,0,0,Sunday,4,45
1061,SKU6,2017-11-19,32668,0.28,0,1,0,0.0,0,0,0,0,Sunday,4,46
1062,SKU6,2017-11-26,44779,0.38,1,0,1,0.0,0,0,0,0,Sunday,4,47
1063,SKU6,2017-12-03,42982,0.38,1,0,0,0.0,0,0,0,1,Sunday,4,48
1064,SKU6,2017-12-10,41175,0.28,0,0,0,0.0,0,0,0,0,Sunday,4,49
1065,SKU6,2017-12-17,14744,0.07,0,0,0,0.0,0,0,0,0,Sunday,4,50
1066,SKU6,2017-12-24,13862,0.05,1,0,1,0.0,0,0,0,0,Sunday,4,51
1067,SKU6,2017-12-31,19735,0.28,0,0,0,0.0,0,0,0,0,Sunday,4,52
1068,SKU6,2018-01-07,9047,0.07,0,1,0,0.0,0,0,0,0,Sunday,1,1
1069,SKU6,2018-01-14,38639,0.38,0,0,0,0.0,0,0,0,0,Sunday,1,2
1070,SKU6,2018-01-21,10629,0.07,1,0,1,0.0,0,0,0,0,Sunday,1,3
1071,SKU6,2018-01-28,41994,0.38,0,0,0,0.0,0,0,0,0,Sunday,1,4
1072,SKU6,2018-02-04,12099,0.07,1,0,1,0.0,0,0,0,0,Sunday,1,5
1073,SKU6,2018-02-11,38384,0.38,0,0,0,0.0,0,1,0,0,Sunday,1,6
1074,SKU6,2018-02-18,11298,0.05,0,0,0,0.0,0,0,0,0,Sunday,1,7
1075,SKU6,2018-02-25,12358,0.05,1,0,1,0.0,0,0,0,0,Sunday,1,8
1076,SKU6,2018-03-04,35011,0.38,0,1,1,0.0,0,0,0,0,Sunday,1,9
1077,SKU6,2018-03-11,110490,0.53,1,0,1,0.0,0,0,0,0,Sunday,1,10
1078,SKU6,2018-03-18,34761,0.38,0,0,0,0.0,0,0,0,0,Sunday,1,11
1079,SKU6,2018-03-25,11969,0.05,1,0,1,0.0,0,0,0,0,Sunday,1,12
1080,SKU6,2018-04-01,26184,0.38,0,0,0,0.0,0,0,0,0,Sunday,2,13
1081,SKU6,2018-04-08,8121,0.05,1,0,1,0.0,0,0,1,0,Sunday,2,14
1082,SKU6,2018-04-15,31617,0.38,0,0,0,0.0,0,0,0,0,Sunday,2,15
1083,SKU6,2018-04-22,11202,0.05,1,0,1,0.0,0,0,0,0,Sunday,2,16
1084,SKU6,2018-04-29,32640,0.38,1,0,0,0.0,0,0,0,0,Sunday,2,17
1085,SKU6,2018-05-06,11884,0.07,1,0,0,0.0,0,0,0,0,Sunday,2,18
1086,SKU6,2018-05-13,12072,0.05,0,1,0,0.0,0,0,0,0,Sunday,2,19
1087,SKU6,2018-05-20,43299,0.38,1,0,0,0.0,0,0,0,0,Sunday,2,20
1088,SKU6,2018-05-27,44324,0.38,0,1,1,0.0,0,0,0,0,Sunday,2,21
1089,SKU6,2018-06-03,128647,0.53,1,0,0,0.0,0,0,0,0,Sunday,2,22
1090,SKU6,2018-06-10,34861,0.3,1,0,0,0.0,0,0,0,0,Sunday,2,23
1091,SKU6,2018-06-17,38287,0.38,0,0,0,0.0,0,0,0,0,Sunday,2,24
1092,SKU6,2018-06-24,14182,0.07,1,0,0,0.0,0,0,0,0,Sunday,2,25
1093,SKU6,2018-07-01,45147,0.38,0,0,0,0.0,0,0,0,0,Sunday,3,26
1094,SKU6,2018-07-08,14632,0.05,0,1,1,0.0,0,0,0,0,Sunday,3,27
1095,SKU6,2018-07-15,107913,0.53,1,0,1,0.0,0,0,0,0,Sunday,3,28
1096,SKU6,2018-07-22,31895,0.3,1,0,1,0.0,0,0,0,0,Sunday,3,29
1097,SKU6,2018-07-29,39265,0.38,0,0,0,0.0,0,0,0,0,Sunday,3,30
1098,SKU6,2018-08-05,15446,0.05,0,1,0,0.0,0,0,0,0,Sunday,3,31
1099,SKU6,2018-08-12,46285,0.38,0,0,0,0.0,0,0,0,0,Sunday,3,32
1100,SKU6,2018-08-19,15026,0.05,1,0,1,0.0,0,0,0,0,Sunday,3,33
1101,SKU6,2018-08-26,41251,0.38,0,0,0,0.0,0,0,0,0,Sunday,3,34
1102,SKU6,2018-09-02,13210,0.05,0,1,0,0.0,0,0,0,0,Sunday,3,35
1103,SKU6,2018-09-09,41151,0.38,0,0,0,0.0,0,0,0,0,Sunday,3,36
1104,SKU6,2018-09-16,14818,0.07,0,1,1,0.0,0,0,0,0,Sunday,3,37
1105,SKU6,2018-09-23,127468,0.53,1,0,1,0.0,0,0,0,0,Sunday,3,38
1106,SKU6,2018-09-30,27569,0.3,1,0,0,0.0,0,0,0,0,Sunday,3,39
1107,SKU6,2018-10-07,51275,0.38,1,0,0,0.0,0,0,0,0,Sunday,4,40
1108,SKU6,2018-10-14,44702,0.28,0,1,0,0.0,0,0,0,0,Sunday,4,41
1109,SKU6,2018-10-21,140995,0.53,1,0,0,0.0,0,0,0,0,Sunday,4,42
1110,SKU6,2018-10-28,181833,0.53,1,0,1,0.0,0,0,0,0,Sunday,4,43
1111,SKU6,2018-11-04,105995,0.48,1,0,1,0.0,0,0,0,0,Sunday,4,44
1112,SKU6,2018-11-11,25456,0.28,0,1,0,0.0,0,0,0,0,Sunday,4,45
1113,SKU6,2018-11-18,40660,0.38,1,0,1,0.0,0,0,0,0,Sunday,4,46
1114,SKU6,2018-11-25,25478,0.28,0,1,1,0.0,0,0,0,0,Sunday,4,47
1115,SKU6,2018-12-02,39116,0.38,0,0,0,0.0,0,0,0,1,Sunday,4,48
1116,SKU6,2018-12-09,12783,0.07,0,1,0,0.0,0,0,0,0,Sunday,4,49
1117,SKU6,2018-12-16,38557,0.38,0,1,0,0.0,0,0,0,0,Sunday,4,50
1118,SKU6,2018-12-23,33821,0.38,0,1,0,0.0,0,0,0,0,Sunday,4,51
1119,SKU6,2018-12-30,7158,0.13,0,0,0,0.0,0,0,0,0,Sunday,4,52
1120,SKU6,2019-01-06,7148,0.07,0,1,1,0.0,0,0,0,0,Sunday,1,1
1121,SKU6,2019-01-13,26272,0.38,0,0,0,0.0,0,0,0,0,Sunday,1,2
1122,SKU6,2019-01-20,8741,0.07,0,1,0,0.0,0,0,0,0,Sunday,1,3
1123,SKU6,2019-01-27,32245,0.38,0,0,0,0.0,0,0,0,0,Sunday,1,4
1124,SKU6,2019-02-03,10101,0.07,0,1,0,0.0,0,0,0,0,Sunday,1,5
1125,SKU6,2019-02-10,37295,0.38,0,0,0,0.0,0,1,0,0,Sunday,1,6
1126,SKU6,2019-02-17,11422,0.07,1,0,1,0.0,0,0,0,0,Sunday,1,7
1127,SKU6,2019-02-24,20031,0.28,0,0,0,0.0,0,0,0,0,Sunday,1,8
1128,SKU6,2019-03-03,9715,0.05,1,0,1,0.0,0,0,0,0,Sunday,1,9
1129,SKU6,2019-03-10,21482,0.28,0,0,0,0.0,0,0,0,0,Sunday,1,10
1130,SKU6,2019-03-17,10329,0.05,0,1,1,0.0,0,0,0,0,Sunday,1,11
1131,SKU6,2019-03-24,112451,0.53,1,0,1,0.0,0,0,0,0,Sunday,1,12
1132,SKU6,2019-03-31,23003,0.3,1,0,0,0.0,0,0,0,0,Sunday,1,13
1133,SKU6,2019-04-07,33932,0.38,0,0,0,0.0,0,0,1,0,Sunday,2,14
1134,SKU6,2019-04-14,8850,0.07,1,0,1,0.0,0,0,0,0,Sunday,2,15
1135,SKU6,2019-04-21,19724,0.38,0,0,0,0.0,0,0,0,0,Sunday,2,16
1136,SKU6,2019-04-28,6545,0.07,1,0,1,0.0,0,0,0,0,Sunday,2,17
1137,SKU6,2019-05-05,21279,0.38,0,0,0,0.0,0,0,0,0,Sunday,2,18
1138,SKU6,2019-05-12,9373,0.05,0,1,1,0.0,0,0,0,0,Sunday,2,19
1139,SKU6,2019-05-19,86119,0.53,1,0,1,0.0,0,0,0,0,Sunday,2,20
1140,SKU6,2019-05-26,27378,0.4,0,1,1,0.0,0,0,0,0,Sunday,2,21
1141,SKU6,2019-06-02,34735,0.38,0,0,0,0.0,0,0,0,0,Sunday,2,22
1142,SKU6,2019-06-09,10571,0.07,1,0,1,0.0,0,0,0,0,Sunday,2,23
1143,SKU6,2019-06-16,26709,0.38,1,0,1,0.0,0,0,0,0,Sunday,2,24
1144,SKU6,2019-06-23,24578,0.28,0,1,0,0.0,0,0,0,0,Sunday,2,25
1145,SKU6,2019-06-30,38589,0.38,0,0,0,0.0,0,0,0,0,Sunday,2,26
1146,SKU6,2019-07-07,11271,0.07,0,1,0,0.0,0,0,0,0,Sunday,3,27
1147,SKU6,2019-07-14,103831,0.53,1,0,1,0.0,0,0,0,0,Sunday,3,28
1148,SKU6,2019-07-21,26567,0.3,0,1,0,0.0,0,0,0,0,Sunday,3,29
1149,SKU6,2019-07-28,37663,0.38,1,0,0,0.0,0,0,0,0,Sunday,3,30
1150,SKU6,2019-08-04,13397,0.05,0,1,1,0.0,0,0,0,0,Sunday,3,31
1151,SKU6,2019-08-11,40295,0.38,1,0,0,0.0,0,0,0,0,Sunday,3,32
1152,SKU6,2019-08-18,13056,0.05,1,0,0,0.0,0,0,0,0,Sunday,3,33
1153,SKU6,2019-08-25,36294,0.38,0,0,0,0.0,0,0,0,0,Sunday,3,34
1154,SKU6,2019-09-01,12320,0.07,0,1,0,0.0,0,0,0,0,Sunday,3,35
1155,SKU6,2019-09-08,42182,0.38,0,0,0,0.0,0,0,0,0,Sunday,3,36
1156,SKU6,2019-09-15,12848,0.07,0,1,1,0.0,0,0,0,0,Sunday,3,37
1157,SKU6,2019-09-22,103617,0.53,1,0,1,0.0,0,0,0,0,Sunday,3,38
1158,SKU6,2019-09-29,23973,0.3,0,1,0,0.0,0,0,0,0,Sunday,3,39
1159,SKU6,2019-10-06,39082,0.38,1,0,0,0.0,0,0,0,0,Sunday,4,40
1160,SKU6,2019-10-13,50881,0.38,0,1,0,0.0,0,0,0,0,Sunday,4,41
1161,SKU6,2019-10-20,138789,0.53,0,1,0,0.0,0,0,0,0,Sunday,4,42
1162,SKU6,2019-10-27,143887,0.53,0,1,1,0.0,0,0,0,0,Sunday,4,43
1163,SKU6,2019-11-03,163536,0.53,1,0,1,0.0,0,0,0,0,Sunday,4,44
1164,SKU6,2019-11-10,29842,0.28,1,0,1,0.0,0,0,0,0,Sunday,4,45
1165,SKU6,2019-11-17,36323,0.38,0,0,0,0.0,0,0,0,0,Sunday,4,46
1166,SKU6,2019-11-24,26587,0.28,0,1,0,0.0,0,0,0,0,Sunday,4,47
1167,SKU6,2019-12-01,40726,0.38,0,0,0,0.0,0,0,0,1,Sunday,4,48
1168,SKU6,2019-12-08,13056,0.07,0,0,0,0.0,0,0,0,0,Sunday,4,49
1169,SKU6,2019-12-15,14398,0.05,0,0,0,0.0,0,0,0,0,Sunday,4,50
1170,SKU6,2019-12-22,16213,0.05,0,0,0,0.0,0,0,0,0,Sunday,4,51
1171,SKU6,2019-12-29,6067,0.05,0,0,0,0.0,0,0,0,0,Sunday,4,52
1172,SKU6,2020-01-05,7314,0.53,1,0,1,0.0,0,0,0,0,Sunday,1,1
1173,SKU6,2020-01-12,27657,0.69,0,0,0,0.0,0,0,0,0,Sunday,1,2
1174,SKU6,2020-01-19,9984,0.53,1,0,1,0.0,0,0,0,0,Sunday,1,3
1175,SKU6,2020-01-26,30336,0.69,0,0,0,0.0,0,0,0,0,Sunday,1,4
1176,SKU6,2020-02-02,9831,0.54,1,0,1,0.0,0,0,0,0,Sunday,1,5
1177,SKU6,2020-02-09,32102,0.69,1,0,0,2.36,1,0,0,0,Sunday,1,6
1178,SKU6,2020-02-16,10955,0.53,1,0,1,3.3,1,1,0,0,Sunday,1,7
1179,SKU6,2020-02-23,24330,0.69,0,0,0,3.9,1,0,0,0,Sunday,1,8
1180,SKU6,2020-03-01,9934,0.53,1,0,1,3.81,1,0,0,0,Sunday,1,9
1181,SKU6,2020-03-08,24731,0.69,0,0,0,3.01,1,0,0,0,Sunday,1,10
1182,SKU6,2020-03-15,11742,0.53,1,0,0,0.26,1,0,0,0,Sunday,1,11
1183,SKU6,2020-03-22,20879,0.69,0,0,0,-15.7,1,0,0,0,Sunday,1,12
1184,SKU6,2020-03-29,11874,0.53,0,0,0,-26.63,1,0,0,0,Sunday,1,13
1185,SKU6,2020-04-05,9705,0.53,0,0,0,-28.49,1,0,0,0,Sunday,2,14
1186,SKU6,2020-04-12,6756,0.53,1,0,0,-27.3,1,0,1,0,Sunday,2,15
1187,SKU6,2020-04-19,16926,0.64,0,0,0,-24.28,1,0,0,0,Sunday,2,16
1188,SKU6,2020-04-26,7726,0.53,0,0,0,-22.58,1,0,0,0,Sunday,2,17
1189,SKU6,2020-05-03,8302,0.5,0,0,0,-18.18,1,0,0,0,Sunday,2,18
1190,SKU6,2020-05-10,7924,0.0,0,0,0,-15.91,1,0,0,0,Sunday,2,19
1191,SKU6,2020-05-17,63725,0.49,0,0,0,-15.27,1,0,0,0,Sunday,2,20
1192,SKU6,2020-05-24,23969,0.65,0,0,0,-13.24,1,0,0,0,Sunday,2,21
1193,SKU6,2020-05-31,29202,0.64,0,0,0,-10.86,1,0,0,0,Sunday,2,22
1194,SKU6,2020-06-07,11104,0.02,1,0,1,-10.13,1,0,0,0,Sunday,2,23
1195,SKU6,2020-06-14,24753,0.3,0,0,0,-8.68,1,0,0,0,Sunday,2,24
1196,SKU6,2020-06-21,11518,0.13,1,0,1,-8.57,1,0,0,0,Sunday,2,25
1197,SKU6,2020-06-28,29560,0.33,0,0,0,-7.5,1,0,0,0,Sunday,2,26
1198,SKU6,2020-07-05,12577,0.21,1,0,1,-8.04,1,0,0,0,Sunday,3,27
1199,SKU6,2020-07-12,27671,0.42,0,0,0,-9.36,1,0,0,0,Sunday,3,28
1200,SKU6,2020-07-19,8670,0.29,1,0,0,-8.77,1,0,0,0,Sunday,3,29
1201,SKU6,2020-07-26,24698,0.44,1,0,1,-9.93,1,0,0,0,Sunday,3,30
1202,SKU6,2020-08-02,69799,0.55,1,0,1,-11.65,1,0,0,0,Sunday,3,31
1203,SKU6,2020-08-09,26276,0.44,0,0,0,-13.23,1,0,0,0,Sunday,3,32
1204,SKU6,2020-08-16,7722,0.29,1,0,1,-20.35,1,0,0,0,Sunday,3,33
1205,SKU6,2020-08-23,16009,0.45,0,0,0,-19.41,1,0,0,0,Sunday,3,34
1206,SKU6,2020-08-30,8158,0.29,0,1,0,-18.83,1,0,0,0,Sunday,3,35
1207,SKU6,2020-09-06,29805,0.44,0,0,0,-16.44,1,0,0,0,Sunday,3,36
1208,SKU6,2020-09-13,8164,0.29,0,1,1,-7.28,1,0,0,0,Sunday,3,37
1209,SKU6,2020-09-20,80769,0.54,1,0,1,-9.87,1,0,0,0,Sunday,3,38
1210,SKU6,2020-09-27,21692,0.44,1,0,1,-7.79,1,0,0,0,Sunday,3,39
1211,SKU6,2020-10-04,23072,0.44,1,0,1,-9.73,1,0,0,0,Sunday,4,40
1212,SKU6,2020-10-11,42044,0.44,0,1,0,-7.39,1,0,0,0,Sunday,4,41
1213,SKU6,2020-10-18,96619,0.54,0,1,0,-7.56,1,0,0,0,Sunday,4,42
1214,SKU6,2020-10-25,115798,0.52,0,1,0,-8.39,1,0,0,0,Sunday,4,43
1215,SKU6,2020-11-01,152186,0.54,1,0,1,-7.43,1,0,0,0,Sunday,4,44
1216,SKU6,2020-11-08,26445,0.44,1,0,1,-5.95,1,0,0,0,Sunday,4,45
1217,SKU6,2020-11-15,26414,0.44,0,0,0,-7.2,1,0,0,0,Sunday,4,46
